customer_number,first_name,last_name,email,gender,phone,city,state,country,item,Age,Net Purchase
43304239,Agatha,Jozsika,ajozsika0@bravesites.com,Female,701-422-4258,Guanting,,China,Toys,44,1500
226070717,Cullin,Vitte,cvitte1@wikispaces.com,Male,202-535-6898,Qili,,China,Outdoor,48,1502
62104397,Claudine,Myford,cmyford2@blogger.com,Female,457-738-2168,Lupane,,Zimbabwe,Outdoor,35,1508
53202208,Base,Bullent,bbullent3@timesonline.co.uk,Male,315-954-4839,Longhu,,China,Pets,57,1509
271992468,Cathrin,Shea,cshea4@mac.com,Female,655-851-5275,Palana,,Russia,Food - Baking,56,1509
103102216,Lexie,Seres,lseres5@furl.net,Female,709-188-5253,Toyonaka,,Japan,Clothing - Tops,69,1509
63114425,Lenna,Candelin,lcandelin6@wikispaces.com,Female,566-197-9235,Svetlyy,,Russia,Food - Dried Fruits,59,1516
226070270,Shoshanna,Korejs,skorejs7@timesonline.co.uk,Female,607-195-3659,Tadou,,China,Food - Condiments,41,1516
11302920,Xever,Sauter,xsauter8@amazon.co.uk,Male,848-832-2297,Otavi,,Namibia,Food - Condiments,60,1517
125100076,Talia,Verheyden,tverheyden9@ftc.gov,Female,705-223-8729,Qiling,,China,Food - Meat,74,1517
53111836,Horatia,Farnell,hfarnella@diigo.com,Female,871-313-6296,Sīrīs,,Palestinian Territory,Toys,22,1518
53112806,Margareta,Drinkale,mdrinkaleb@liveinternet.ru,Female,515-401-4150,Davydovo,,Russia,Food - Snacks,67,1519
221571473,Melony,Barzen,mbarzenc@marriott.com,Female,863-979-0423,Mora,,Cameroon,Accessories,39,1521
53200019,Archibold,Vasyatkin,avasyatkind@wsj.com,Male,411-105-8037,Olival,Santarém,Portugal,Food - Meat,63,1524
122237612,Merla,Blouet,mblouete@alexa.com,Female,254-494-2476,Pahonjean,,Indonesia,Audio,18,1525
91501204,Gannon,Imlen,gimlenf@spotify.com,Male,125-955-0714,Akhtopol,,Bulgaria,Home Appliances,64,1526
125108450,Ellyn,Piola,epiolag@mapquest.com,Female,525-120-3546,Leninskoye,,Russia,Electronics,22,1529
107000262,Boone,Lathleiff,blathleiffh@independent.co.uk,Non-binary,670-943-4508,Guacarí,,Colombia,Food - Baking,64,1529
81302633,Flemming,Hugo,fhugoi@eepurl.com,Non-binary,480-912-9937,Binhe,,China,Pets,39,1538
26008811,Monroe,Crevagh,mcrevaghj@unc.edu,Male,269-757-8824,Huayuanli,,China,Fitness,54,1541
122105595,Zacharie,Bellie,zbelliek@blogtalkradio.com,Male,920-687-5219,Bacabal,,Brazil,Clothing - Footwear,29,1543
21207196,Betteanne,Daw,bdawl@imgur.com,Female,763-384-2455,Kumai,,Indonesia,Outdoor,27,1548
51405670,Merrie,Jakeman,mjakemanm@pbs.org,Female,586-344-1375,Kostyantynivka,,Ukraine,Pets,59,1548
91905253,Cyrus,Bonick,cbonickn@ox.ac.uk,Male,294-371-7280,Ghauspur,,Pakistan,Health,19,1551
67016354,Kati,Kilgallen,kkilgalleno@baidu.com,Female,651-679-2458,New Glasgow,Nova Scotia,Canada,Crafts,62,1552
111322910,L;urette,Burke,lburkep@joomla.org,Female,707-501-3036,Jiuxian,,China,Food - Bakery,37,1554
62206101,Cyndia,Filip,cfilipq@rambler.ru,Female,388-597-6960,Verkhniy Landekh,,Russia,Food - Frozen Vegetables,23,1560
271070791,Deane,Ivanyukov,divanyukovr@github.com,Male,606-936-2223,Xushan,,China,Food - Meat,55,1562
65502608,Maryl,Steffans,msteffanss@hhs.gov,Female,410-613-5626,Songgang-dong,,South Korea,Food - Snacks,22,1565
104910342,Des,Jacquot,djacquott@uol.com.br,Male,733-241-4156,La Huerta,Mexico,Mexico,Food - Dairy,51,1567
111916326,Rafe,Squirrell,rsquirrellu@ycombinator.com,Non-binary,356-159-5871,Katsina-Ala,,Nigeria,Food - Condiments,51,1576
271250647,Courtenay,O'Lyhane,colyhanev@scribd.com,Female,619-647-7164,Kokopo,,Papua New Guinea,Clothing - Tops,38,1577
231270793,Ingar,Misson,imissonw@skyrock.com,Male,331-786-2907,Vales,Santarém,Portugal,Food - Produce,62,1577
81017342,Quintana,Caudle,qcaudlex@seattletimes.com,Female,719-592-1537,Seririt,,Indonesia,Food - Spreads,48,1581
221270318,Dorry,Gravell,dgravelly@dagondesign.com,Female,957-211-3313,Peukanbada,,Indonesia,Food - Snacks,44,1581
64000017,Bord,Gammidge,bgammidgez@vistaprint.com,Male,152-262-8715,Kangar,Perlis,Malaysia,Home Appliances,72,1587
103013211,Kessia,Trower,ktrower10@google.cn,Female,170-207-9412,Tân An,,Vietnam,Health,19,1588
103100218,Marlo,Trusler,mtrusler11@pen.io,Male,757-919-0647,Goubétto,,Djibouti,Food - Meat & Poultry,46,1590
91403865,Britteny,Whitley,bwhitley12@freewebs.com,Female,882-977-1926,Iksha,,Russia,Food - Snacks,42,1603
53201869,Garret,Lazonby,glazonby13@diigo.com,Male,839-460-2603,Montaigu,Pays de la Loire,France,Toys,35,1605
31313261,Terrell,Shurmore,tshurmore14@arstechnica.com,Male,881-646-3003,Yuxarı Aran,,Azerbaijan,Home,68,1611
101000019,Giustino,Spurden,gspurden15@adobe.com,Male,406-417-1649,Turija,,Serbia,Toys,42,1612
84003191,Normy,Alyoshin,nalyoshin16@cafepress.com,Male,565-957-2907,Photharam,,Thailand,Food - Sides,40,1614
267091263,Shamus,Claessens,sclaessens17@cbslocal.com,Male,665-580-3387,Siyang,,China,Beauty,59,1614
322170016,Clerc,Oakhill,coakhill18@mlb.com,Male,374-926-6316,Mysiadło,,Poland,Travel,44,1618
31305347,Jeremias,Savidge,jsavidge19@amazon.com,Male,364-775-6473,Cibaregbeg,,Indonesia,Toys,64,1621
74913233,Katharyn,Nazair,knazair1a@mapquest.com,Female,696-987-9090,Longcang,,China,Pets,36,1622
91300010,Ralph,D'Elia,rdelia1b@youtube.com,Male,713-341-0440,Bourg-en-Bresse,Rhône-Alpes,France,Food - Snacks,71,1625
61101100,Filmer,Reynoollds,freynoollds1c@chicagotribune.com,Male,730-435-9521,Pyt-Yakh,,Russia,Toys,23,1630
43315561,Neddy,Child,nchild1d@biglobe.ne.jp,Male,390-607-2471,Cô Tô,,Vietnam,Food - Produce,56,1632
62202134,Rasla,Hostan,rhostan1e@soundcloud.com,Female,438-337-7659,Hepu,,China,Food - Seafood,40,1641
111909634,Fran,Pirdue,fpirdue1f@eepurl.com,Male,236-847-3700,San Miguel Chicaj,,Guatemala,Food - Soups,57,1644
71108669,Brigg,Himsworth,bhimsworth1g@washingtonpost.com,Male,116-144-9887,Lubaczów,,Poland,Kitchen,34,1648
111907775,Raeann,Cordrey,rcordrey1h@cocolog-nifty.com,Bigender,941-246-6324,Gechuan,,China,Food - Snacks,46,1652
111900510,Bord,Lancett,blancett1i@vkontakte.ru,Male,816-842-1129,Mendeleyevo,,Russia,Kitchen,69,1654
111306758,Lexine,Collinwood,lcollinwood1j@hugedomains.com,Agender,810-111-7294,Infonavit,San Luis Potosi,Mexico,Fitness,20,1655
86500634,Bliss,Sewley,bsewley1k@bandcamp.com,Female,679-101-9404,Loma Alta,,Honduras,Food - Frozen Foods,34,1656
111900659,Henri,Jeaneau,hjeaneau1l@cbc.ca,Male,178-669-0692,Puerto Quijarro,,Bolivia,Health,45,1658
63110306,Kurt,Archdeckne,karchdeckne1m@nhs.uk,Male,621-439-3588,Krasne,,Poland,Food - Condiments,50,1668
101110080,Venus,Crumbie,vcrumbie1n@stanford.edu,Female,730-153-9302,České Meziříčí,,Czech Republic,Food - Cooking Essentials,35,1671
122240010,George,Hatwell,ghatwell1o@uol.com.br,Male,608-157-0838,Tarxien,,Malta,Garden,57,1675
67012057,Gradeigh,Simeoni,gsimeoni1p@army.mil,Male,620-417-0717,Hobo,,Colombia,Outdoor,48,1679
101107802,Jilli,Ungerer,jungerer1q@infoseek.co.jp,Female,882-353-1803,Purda,,Poland,Food - Canned Goods,52,1679
101105684,Cosme,Arnau,carnau1r@miibeian.gov.cn,Male,920-580-3377,Pueblo Nuevo,Mexico,Mexico,Outdoor,38,1684
111909605,Temp,Spencley,tspencley1s@symantec.com,Male,765-661-8923,Chrysoúpolis,,Greece,Home,73,1686
103006406,Thea,Ingre,tingre1t@reuters.com,Female,681-260-0466,Pondokwungu,,Indonesia,Home,64,1687
321181271,Zedekiah,Hamper,zhamper1u@nsw.gov.au,Male,210-454-1146,Sanhe,,China,Home Security,29,1689
61292433,Chaddie,Van Schafflaer,cvanschafflaer1v@mit.edu,Male,480-930-7830,Dobczyce,,Poland,Fitness,35,1694
26012881,Alexandre,Fazzioli,afazzioli1w@artisteer.com,Male,326-365-6825,Naze,,Japan,Fitness,38,1702
122239131,Dorella,Showers,dshowers1x@cnet.com,Non-binary,892-867-6695,Zama,,Japan,Clothing - Dresses,48,1704
231372170,Mallissa,Leeuwerink,mleeuwerink1y@wired.com,Genderqueer,362-599-0461,Mýki,,Greece,Clothing - Dresses,44,1710
107006088,Adiana,Gerb,agerb1z@fastcompany.com,Female,521-697-4226,Sumurnanjung,,Indonesia,Food - Condiments,18,1717
62203298,Xerxes,Lonergan,xlonergan20@va.gov,Male,328-506-6427,Lebak,,Indonesia,Food - Breakfast,73,1721
82008923,Clarice,Crutchfield,ccrutchfield21@github.com,Polygender,481-880-0029,Shlissel’burg,,Russia,Food - Bakery,21,1722
291471066,Gordon,Izhaky,gizhaky22@who.int,Male,451-445-1864,Antipolo,,Philippines,Home,24,1724
104110922,York,Hatt,yhatt23@amazon.de,Male,902-780-0701,Čakovec,,Croatia,Food - Grains,58,1729
226070571,Delmar,Ellen,dellen24@hhs.gov,Male,806-441-6028,Guohua,,China,Beauty,57,1730
21111800,Heath,Cockland,hcockland25@geocities.com,Female,572-105-3655,Yuwan,,China,Clothing - Accessories,24,1735
125107037,Warner,Bier,wbier26@infoseek.co.jp,Male,988-898-1542,Corrego Grande,,Brazil,Kitchen,25,1735
125104315,Elfie,Getley,egetley27@usnews.com,Female,158-730-1778,Gakem,,Nigeria,Food - Canned Goods,32,1736
71924393,Helge,Oldershaw,holdershaw28@squidoo.com,Female,698-649-1712,Laval,Pays de la Loire,France,Bathroom,18,1737
53202130,Sapphira,Strotone,sstrotone29@deliciousdays.com,Female,879-932-9625,Zungeru,,Nigeria,Health,72,1739
111914687,Calla,Gotcliff,cgotcliff2a@newsvine.com,Genderfluid,133-127-6521,Makapanstad,,South Africa,Fitness,68,1740
92901476,Gordon,Oran,goran2b@bandcamp.com,Male,491-716-4651,Jamao al Norte,,Dominican Republic,Food - Frozen Foods,21,1744
51403630,Tildi,Lee,tlee2c@fotki.com,Female,941-981-9469,Pakusari,,Indonesia,Kitchen,64,1750
92001512,Angie,Bonsale,abonsale2d@cornell.edu,Female,914-289-2195,Zhucun,,China,Accessories,75,1756
112200303,Sue,Deeson,sdeeson2e@noaa.gov,Female,317-654-0380,Gort,,Ireland,Pets,63,1764
63210125,Mina,Bartak,mbartak2f@nhs.uk,Female,879-194-3108,Easington,,Jamaica,Kitchen,64,1766
22300186,Bernadina,De Vaan,bdevaan2g@amazon.de,Female,428-531-1786,Dawung,,Indonesia,Electronics,24,1771
91206101,Earle,Pask,epask2h@cdc.gov,Male,690-849-7939,Várzeas,Leiria,Portugal,Accessories,50,1772
72413557,Ambrosio,Tredger,atredger2i@fastcompany.com,Male,541-767-9572,Hangbu,,China,Food - Bakery,25,1779
11104173,Elspeth,Bickley,ebickley2j@umich.edu,Female,909-933-4881,Irati,,Brazil,Food - Frozen Foods,68,1780
123206516,Odey,Barajaz,obarajaz2k@dyndns.org,Male,584-856-7344,Raksajaya,,Indonesia,Home,63,1781
102303841,Brinn,Shorto,bshorto2l@yahoo.co.jp,Female,778-431-3242,Kimberley,British Columbia,Canada,Beauty,41,1785
53208040,Lara,MacKilroe,lmackilroe2m@seattletimes.com,Bigender,449-308-3729,La Rochelle,Poitou-Charentes,France,Pets,56,1787
63013597,Patty,Salzberger,psalzberger2n@msu.edu,Female,370-276-8808,Zheshart,,Russia,Food - Sauces,22,1792
53208053,Stephannie,Zoanetti,szoanetti2o@posterous.com,Female,829-480-2498,Hirvensalmi,,Finland,Outdoor,53,1796
74000162,Justin,Grassi,jgrassi2p@wordpress.org,Non-binary,610-828-2891,Libato,,Philippines,Outdoor,62,1797
53202208,Leyla,Magowan,lmagowan2q@ca.gov,Female,216-224-6810,Wschowa,,Poland,Pets,36,1813
101005483,Orv,Gentle,ogentle2r@ucoz.ru,Male,747-918-5099,Taiba,,China,Food - Baking & Cooking,44,1815
72404786,Giacinta,Bearham,gbearham2s@ucsd.edu,Female,940-725-5047,Qalaikhumb,,Tajikistan,Art Supplies,55,1815
92901434,Ruby,Cowern,rcowern2t@rambler.ru,Male,506-394-8203,Gamovo,,Russia,Food - Sauces,50,1820
103103396,Myrna,Merrin,mmerrin2u@etsy.com,Female,396-258-4592,Edosaki,,Japan,Food - Dairy Alternatives,50,1828
111307265,Cullen,Salthouse,csalthouse2v@paginegialle.it,Genderfluid,441-752-4668,Vale,Porto,Portugal,Kitchen,45,1833
71004200,Godfry,Uwins,guwins2w@chronoengine.com,Male,852-351-5158,Tijucas,,Brazil,Food - Snacks,28,1838
121135087,Loralyn,Burchett,lburchett2x@mlb.com,Female,785-517-1544,Mailsi,,Pakistan,Home,37,1838
265272343,Aubrey,Kerwood,akerwood2y@godaddy.com,Male,618-488-4307,Mszana Dolna,,Poland,Food - Salads,25,1841
84306953,Ahmed,Sculpher,asculpher2z@hp.com,Male,406-791-1615,Fenyan,,China,Clothing - Outerwear,67,1853
65201116,Culley,Roggers,croggers30@vinaora.com,Male,278-297-8092,Pangkalan,,Indonesia,Outdoor,36,1856
91901972,Timothee,Risman,trisman31@surveymonkey.com,Male,639-495-1073,Futu,,China,Food - Prepared Foods,40,1857
101105244,Pearce,Heller,pheller32@walmart.com,Male,134-494-6234,Irshava,,Ukraine,Food - Condiments,58,1860
111914289,Edd,Somerscales,esomerscales33@1und1.de,Male,223-740-4218,Moca,,Dominican Republic,Food - Produce,66,1862
65201611,Torrin,Itzakovitz,titzakovitz34@mashable.com,Male,152-765-5051,Andrushivka,,Ukraine,Outdoor,34,1863
104902392,Saw,Tibbits,stibbits35@ebay.co.uk,Male,831-427-6480,Mabasa,,Philippines,Outdoor,65,1864
221976861,Annabelle,Carpenter,acarpenter36@chronoengine.com,Female,965-430-5292,Lesnoye,,Russia,Outdoor,20,1866
91902531,Oliver,Dunnan,odunnan37@elpais.com,Male,362-728-8323,Aisai,,Japan,Food - Snacks,19,1870
253170305,Cristiano,Courson,ccourson38@wix.com,Agender,203-738-3254,Koźmin Wielkopolski,,Poland,Art Supplies,20,1872
63116452,Miof mela,Swanger,mswanger39@yandex.ru,Female,102-917-0409,Chadian,,China,Outdoor,42,1872
72400052,Tyrone,Iacovides,tiacovides3a@exblog.jp,Male,944-959-9728,Kryevidh,,Albania,Audio,36,1875
61208126,Domeniga,Buckwell,dbuckwell3b@addtoany.com,Female,569-180-6495,Tatariv,,Ukraine,Clothing - Tops,55,1875
72403473,Rufe,Strand,rstrand3c@example.com,Male,531-746-3590,Emiliano Zapata,Tamaulipas,Mexico,Toys,68,1875
321171184,Jock,Treslove,jtreslove3d@tuttocitta.it,Male,756-109-8322,Llama,,Peru,Fitness,48,1885
42000314,Carrol,Manion,cmanion3e@ted.com,Male,536-322-1449,Tahilt,,Mongolia,Food - Freezer,61,1886
53112220,Ilise,Schukraft,ischukraft3f@theglobeandmail.com,Female,331-965-2152,Meizhou,,China,Kitchen,60,1888
104901911,Moritz,Duffie,mduffie3g@nsw.gov.au,Male,125-295-4211,Suḩayl Shibām,,Yemen,Food - Breakfast,72,1888
113123065,Bancroft,Armatage,barmatage3h@macromedia.com,Male,266-503-8080,Chavão,Braga,Portugal,Home Appliances,60,1891
71922476,Bernadette,Twinborne,btwinborne3i@dmoz.org,Female,174-898-1024,Pingdingshan,,China,Food - Bakery,21,1893
64103228,Charleen,Piotrowski,cpiotrowski3j@dell.com,Female,942-201-5088,Ndago,,Tanzania,Food - Baking,49,1893
101104342,Viola,Corroyer,vcorroyer3k@ft.com,Female,823-649-8509,Sucun,,China,Travel,74,1900
22072692,Francisca,Withur,fwithur3l@fema.gov,Female,996-632-2149,Kosakowo,,Poland,Home,29,1902
62004099,Marcellus,Kopisch,mkopisch3m@multiply.com,Male,321-519-2211,Gelatik,,Indonesia,Footwear,54,1902
53100300,Ania,Cordero,acordero3n@homestead.com,Bigender,938-566-5105,Daykitin,,Philippines,Fitness,69,1903
301171230,Ermanno,Ricco,ericco3o@redcross.org,Male,445-559-0712,Ilmajoki,,Finland,Food - Snacks,45,1905
72402788,Dalt,Tembridge,dtembridge3p@unicef.org,Male,786-495-4966,Stord,Hordaland,Norway,Toys,34,1905
242071004,Merna,Siley,msiley3q@tamu.edu,Female,501-865-8861,Tuamese,,Indonesia,Safety,40,1910
121001865,Silva,Fosdyke,sfosdyke3r@squidoo.com,Female,159-739-4168,Zili,,China,Home,50,1917
43315448,Roxane,Gidley,rgidley3s@feedburner.com,Female,906-672-5368,Kwikila,,Papua New Guinea,Food - Snacks,28,1923
53102191,Berti,Soldner,bsoldner3t@cafepress.com,Male,213-388-0468,Los Angeles,California,United States,Travel,29,1924
121108959,Lucy,Ivers,livers3u@narod.ru,Female,872-819-9195,Puncakmanis,,Indonesia,Food - Canned Goods,26,1931
123206613,Mildrid,Clemmen,mclemmen3v@hostgator.com,Female,419-188-5780,Harian,,Indonesia,Food - Grains,42,1939
101106751,Irwinn,Barnsdale,ibarnsdale3w@cnbc.com,Genderfluid,410-866-6751,Baltimore,Maryland,United States,Food - Snacks,41,1946
62202082,Yuma,Dupree,ydupree3x@unesco.org,Male,585-619-3577,Kaustinen,,Finland,Food - Dairy,62,1949
111906161,Borg,Dorcey,bdorcey3y@buzzfeed.com,Male,131-867-5454,Sevilla,Andalucia,Spain,Food - Canned Goods,50,1958
101115098,Carlyle,Joncic,cjoncic3z@ibm.com,Male,567-375-1045,Thongwa,,Myanmar,Clothing - Bottoms,73,1965
71922968,Rosemonde,Gladyer,rgladyer40@dell.com,Female,517-114-1775,Rio de Mouro,Lisboa,Portugal,Home,66,1967
26013246,Valentia,Ballister,vballister41@twitpic.com,Bigender,354-569-3105,Tân Phú,,Vietnam,Food - Beverages,64,1969
31100089,Melody,Hembery,mhembery42@census.gov,Female,603-310-5028,Voronkov,,Ukraine,Food - Frozen Meals,64,1972
221970346,Nevin,Zoppo,nzoppo43@trellian.com,Male,562-806-9731,Pô,,Burkina Faso,Food - Frozen Foods,49,1973
113014909,Estel,Hobbema,ehobbema44@wix.com,Female,943-123-4725,Kalasin,,Thailand,Food - Frozen Foods,72,1975
111025013,Brad,Hawkswood,bhawkswood45@dell.com,Male,150-212-5160,Jambuwerkrajan,,Indonesia,Health,30,1975
65201611,Doralynn,Grafhom,dgrafhom46@wisc.edu,Female,757-721-2086,Nancheng,,China,Clothing - Swimwear,55,1977
71006282,Javier,D'Avaux,jdavaux47@spotify.com,Male,146-495-9236,Jagabaya Dua,,Indonesia,Food - Condiments,26,1977
255072317,Amii,Ick,aick48@bandcamp.com,Female,812-948-0113,Terre Haute,Indiana,United States,Outdoor,71,1977
91213877,Sallyanne,Poytress,spoytress49@nifty.com,Non-binary,171-252-6999,Qiawan,,China,Food - Snacks,42,1979
63114632,Nicol,Pillifant,npillifant4a@adobe.com,Male,275-834-3219,Lebak,,Indonesia,Pets,70,1980
84205766,Marcellus,Bouda,mbouda4b@naver.com,Male,307-201-7084,Köpingsvik,Kalmar,Sweden,Garden,53,1984
81205222,Gunther,Caldecot,gcaldecot4c@mozilla.org,Male,664-597-5443,Diyarb Najm,,Egypt,Food - Snacks,64,1986
101100854,Paule,Dominelli,pdominelli4d@phpbb.com,Female,520-869-6984,Wiązownica,,Poland,Food - Seafood,29,1988
73910745,Gun,Eldred,geldred4e@clickbank.net,Male,854-566-2537,San José,,Honduras,Food - Fruits,63,1993
63106145,Johna,Klawi,jklawi4f@goo.ne.jp,Female,632-423-9380,Bulacnin,,Philippines,Books,42,1993
123204835,Othello,Cuddon,ocuddon4g@newsvine.com,Male,468-756-0887,Xiaoyang,,China,Smart Home,52,1995
322281439,Xymenes,MacGown,xmacgown4h@eventbrite.com,Male,411-187-2742,Zolotyy Potik,,Ukraine,Pets,55,1996
11375245,Washington,De Souza,wdesouza4i@vimeo.com,Male,786-664-9776,Rosário do Sul,,Brazil,Kitchen,73,1996
84102979,Pauline,Bill,pbill4j@marriott.com,Female,955-558-4779,Guandian,,China,Clothing - Shoes,41,1997
103109374,Louisa,McVaugh,lmcvaugh4k@bbc.co.uk,Female,153-841-5811,Zongzhai,,China,Home,27,1997
73921161,Veradis,Machan,vmachan4l@go.com,Female,173-186-7043,Ecroignard,,Mauritius,Pets,71,1998
11301646,Britte,Mallinar,bmallinar4m@bloomberg.com,Female,346-246-0712,Tromsø,Troms,Norway,Food - Condiments,52,2012
61220489,Coretta,Pacht,cpacht4n@creativecommons.org,Genderqueer,455-121-8900,Pavlovka,,Russia,Home,29,2013
84305129,Leicester,Allingham,lallingham4o@arizona.edu,Male,614-598-9592,Massy,Île-de-France,France,Food - Prepared Foods,24,2016
64108757,Giuseppe,Rosensaft,grosensaft4p@pen.io,Male,310-507-0157,Aizkraukle,,Latvia,Food - Meats,19,2018
71922955,Pietro,Okie,pokie4q@merriam-webster.com,Bigender,278-827-4478,Ōarai,,Japan,Food - Soups,59,2019
72408504,Amandi,Melledy,amelledy4r@liveinternet.ru,Female,624-369-1079,Zhoukou,,China,Food - Breakfast,38,2020
53201186,Mimi,Ledward,mledward4s@npr.org,Female,466-520-4404,Strömsund,Jämtland,Sweden,Food - Condiments,18,2021
61192740,Glen,Pietesch,gpietesch4t@aboutads.info,Male,854-788-1735,Campo Grande,,Brazil,Food - Frozen Meals,37,2021
114016142,Torrence,Freund,tfreund4u@dyndns.org,Genderqueer,699-980-0467,Pichilemu,,Chile,Fitness,22,2025
61110382,Nadean,Hambly,nhambly4v@hao123.com,Female,864-611-3574,Mt Peto,,Jamaica,Outdoor,21,2026
42108559,Gabriello,Iddiens,giddiens4w@github.com,Male,911-162-9794,Huayuan,,China,Clothing - Shoes,20,2027
84202442,Davidde,Riedel,driedel4x@boston.com,Male,605-227-5297,Bartniczka,,Poland,Fitness,27,2035
113010217,Carley,Bothram,cbothram4y@virginia.edu,Female,228-191-2355,Sviblovo,,Russia,Clothing - Shoes,20,2035
91905512,Carmel,Brimicombe,cbrimicombe4z@wikispaces.com,Female,656-655-9894,Luau,,Angola,Tools,44,2035
102100138,Yorgo,Cunningham,ycunningham50@loc.gov,Male,231-145-6188,Daxing,,China,Food - Produce,33,2044
31000011,Judd,Mainston,jmainston51@google.com.br,Male,242-828-5890,Varazqān,,Iran,Toys,30,2046
51403630,Viki,Hoy,vhoy52@bloglovin.com,Female,617-121-4750,Şabyā,,Saudi Arabia,Kitchen,45,2047
101114442,Edie,Nolleth,enolleth53@csmonitor.com,Female,567-644-5171,Saitama,,Japan,Food - Condiments,63,2054
31311810,Ariel,Whall,awhall54@bing.com,Male,832-608-1209,Shuangwang,,China,Garden,68,2055
53207960,Erena,Grimsdale,egrimsdale55@purevolume.com,Female,468-994-5891,Kalenderovci Donji,,Bosnia and Herzegovina,Clothing - Accessories,61,2057
103912723,Dawn,Spinelli,dspinelli56@indiatimes.com,Female,451-570-8008,Wagar,,Sudan,Food - Snacks,24,2064
81004591,Yardley,Bonnick,ybonnick57@cdbaby.com,Male,166-839-8563,Kitchener,Ontario,Canada,Food - Dairy,72,2064
82901570,Anna,Epinay,aepinay58@sourceforge.net,Female,295-260-7974,Vrakháti,,Greece,Food - Snacks,58,2070
22300186,Joby,Budgeon,jbudgeon59@phoca.cz,Female,623-485-0117,Noyelles-sous-Lens,Nord-Pas-de-Calais,France,Food - Frozen Foods,32,2071
82908829,Langsdon,Sharrem,lsharrem5a@behance.net,Male,222-789-4188,Larnaca,,Cyprus,Kitchen,62,2074
43303832,Duane,Becom,dbecom5b@liveinternet.ru,Male,828-771-1382,Ol Kalou,,Kenya,Outdoor,73,2078
102101519,Morley,Wilcock,mwilcock5c@bbb.org,Male,208-354-4501,Dulangan,,Philippines,Office,68,2080
61003664,Nissie,Garmons,ngarmons5d@weibo.com,Female,480-550-6814,Créteil,Île-de-France,France,Home,66,2089
42105921,Adamo,Whitear,awhitear5e@devhub.com,Male,591-641-1478,Sanzao,,China,Accessories,59,2089
221270703,Flossy,Sitlington,fsitlington5f@goodreads.com,Female,840-924-6798,Novouzensk,,Russia,Home,52,2089
112207209,Farrand,Ponde,fponde5g@bluehost.com,Polygender,754-323-4629,Vallentuna,Stockholm,Sweden,Audio,47,2090
271970066,Elijah,Olivetta,eolivetta5h@accuweather.com,Genderfluid,202-489-4599,Washington,District of Columbia,United States,Garden,26,2096
53000206,Ryun,Trevaskiss,rtrevaskiss5i@webmd.com,Male,304-368-4828,Mopipi,,Botswana,Food - Condiments,23,2098
43300738,Esdras,Childers,echilders5j@omniture.com,Male,743-568-2426,Llaillay,,Chile,Garden,30,2102
41002711,Lurlene,Titmuss,ltitmuss5k@webmd.com,Female,863-466-0766,Petrikov,,Ukraine,Toys,55,2102
104102781,Devy,Cochrane,dcochrane5l@linkedin.com,Male,413-246-9155,Pedraza La Vieja,,Venezuela,Clothing - Footwear,47,2106
43318092,Spense,Dulen,sdulen5m@ezinearticles.com,Male,287-723-7635,Costa Nova do Prado,Aveiro,Portugal,Clothing - Tops,73,2107
61219571,Ludwig,Tother,ltother5n@jugem.jp,Male,884-856-3301,São Filipe,,Cape Verde,Clothing - Accessories,23,2107
42000424,Crin,Liversidge,cliversidge5o@dagondesign.com,Female,648-860-2597,Baiyanghe,,China,Food - Snacks,63,2107
53112110,Adams,Branford,abranford5p@sitemeter.com,Male,334-156-1326,Santa Cruz del Quiché,,Guatemala,Food - Frozen Vegetables,36,2112
63114946,Doroteya,Lark,dlark5q@nba.com,Female,385-300-1012,Wangren,,China,Outdoor,53,2124
42101886,Constancy,Olenichev,colenichev5r@wufoo.com,Female,277-828-1719,Starobachaty,,Russia,Food - Meat,72,2125
253171540,Verla,Wray,vwray5s@buzzfeed.com,Non-binary,492-432-3519,Bogdaniec,,Poland,Food - Salads,45,2125
103006406,Waylon,Yurchishin,wyurchishin5t@imageshack.us,Male,891-401-7966,Babakansalam,,Indonesia,Home,34,2132
67014110,Karl,Sparshett,ksparshett5u@nytimes.com,Male,878-269-4323,Cumanacoa,,Venezuela,Kitchen,25,2134
21109935,Merv,Dunseath,mdunseath5v@jiathis.com,Male,714-335-3595,San Jose,California,United States,Food - Frozen,48,2136
101111678,Annadiana,Stronough,astronough5w@java.com,Female,504-844-3991,Biñan,,Philippines,Kitchen,29,2138
11402008,Randall,Cruxton,rcruxton5x@google.es,Genderfluid,146-989-0880,Wangjiaping,,China,Garden,71,2142
122242607,Madalena,Tripet,mtripet5y@chronoengine.com,Female,891-916-9865,Ar Rawḑ,,Yemen,Kitchen,26,2146
62202150,Saxon,Pattlel,spattlel5z@vkontakte.ru,Genderqueer,818-693-1873,Bakung,,Indonesia,Home,26,2149
104905140,Olwen,Sacase,osacase60@desdev.cn,Female,830-757-2933,Xubao,,China,Food - Meat,54,2150
61212387,Tracie,Lyston,tlyston61@yellowbook.com,Male,519-335-8210,Alikalia,,Sierra Leone,Food - Sauces,29,2151
62200466,Pattin,Heffy,pheffy62@yandex.ru,Male,373-600-6657,Eyvān,,Iran,Accessories,39,2152
114917319,Faydra,Derrington,fderrington63@domainmarket.com,Female,446-111-5195,Profítis Ilías,,Greece,Health,70,2155
71918150,Cordie,Billings,cbillings64@typepad.com,Female,215-479-9145,Bezhta,,Russia,Electronics,20,2156
292977831,Oran,Cavaney,ocavaney65@redcross.org,Male,529-677-4075,Baiquan,,China,Fitness,45,2158
11201490,Georgette,Delgardillo,gdelgardillo66@washington.edu,Female,790-915-3652,Daloa,,Ivory Coast,Accessories,63,2163
101100223,Viva,Frankel,vfrankel67@utexas.edu,Female,400-102-7017,Black River,,Jamaica,Photography,69,2164
53202279,Dru,Ruilton,druilton68@si.edu,Female,930-721-5584,Villa Regina,,Argentina,Electronics,64,2167
42202219,Faythe,Fines,ffines69@sina.com.cn,Female,688-566-7035,Jatisari,,Indonesia,Travel,72,2169
101003773,Jasmin,Rioch,jrioch6a@prlog.org,Female,394-343-7286,Dayu,,China,Fitness,29,2178
71214249,Ad,Joynson,ajoynson6b@irs.gov,Male,519-194-4155,Loppi,,Finland,Home,71,2185
84101051,Montgomery,Ramsbottom,mramsbottom6c@drupal.org,Male,694-927-3283,Batudulang,,Indonesia,Kitchen,63,2185
111908004,Sal,Retchford,sretchford6d@ezinearticles.com,Female,165-380-6237,H̱olon,,Israel,Food - Oils & Vinegars,70,2195
31307468,Raye,Saurin,rsaurin6e@cdbaby.com,Polygender,656-720-7376,Escazú,,Costa Rica,Health,35,2203
73908045,Hailee,Chidley,hchidley6f@google.pl,Female,287-316-6942,Indaial,,Brazil,Outdoor,36,2204
71108313,Roddy,Ferentz,rferentz6g@ezinearticles.com,Male,940-658-6295,Dún Laoghaire,,Ireland,Home,58,2204
53106799,Samuele,Palatini,spalatini6h@home.pl,Male,242-947-6324,Butuan,,Philippines,Home,59,2206
64200765,Ruthann,Guillond,rguillond6i@house.gov,Female,961-246-6693,Liquica,,East Timor,Safety,59,2209
122039360,Dolorita,Checcuzzi,dcheccuzzi6j@t.co,Female,489-447-5445,Fuxing,,China,Outdoor,32,2214
63116410,Shannon,Shipman,sshipman6k@reference.com,Female,156-980-9545,Wielka Wieś,,Poland,Food - Condiments,28,2214
11110633,Anthia,Rodman,arodman6l@ucoz.ru,Non-binary,238-651-7094,Kitami,,Japan,Smart Home,56,2216
72412176,Ted,Diprose,tdiprose6m@opensource.org,Male,934-831-0883,Lingbei,,China,Food - Baking,63,2217
91901202,Randee,Beglin,rbeglin6n@imdb.com,Female,290-621-1421,Piątnica,,Poland,Garden,49,2221
122043518,Olwen,Tomasi,otomasi6o@oracle.com,Female,540-256-0628,Rosmalen,Provincie Noord-Brabant,Netherlands,Food - Dairy,39,2226
322079719,Meghan,Ledbury,mledbury6p@cbsnews.com,Female,284-178-2137,Khvatovka,,Russia,Food - Bakery,33,2227
113118342,Chris,Yakobowitz,cyakobowitz6q@fda.gov,Bigender,899-523-6138,Kundung,,Indonesia,Food - Canned Soups,45,2227
44172282,Gaston,Tompkinson,gtompkinson6r@howstuffworks.com,Male,300-446-2672,Saint David’s,,Grenada,Home,39,2230
53012087,Kaitlyn,Severs,ksevers6s@infoseek.co.jp,Female,838-768-2318,Tacheng,,China,Home,71,2230
61119477,Ginni,Baynes,gbaynes6t@usgs.gov,Female,457-546-1678,Kota Kinabalu,Sabah,Malaysia,Food - Condiments,43,2232
114902793,Vi,Butterick,vbutterick6u@ovh.net,Female,679-963-5926,Purwa,,Indonesia,Home,62,2235
64207292,Tonya,Sarver,tsarver6v@deliciousdays.com,Female,325-908-8217,Orlovo,,Russia,Kitchen,20,2235
123200088,El,Conerding,econerding6w@ftc.gov,Male,232-588-6399,Baruchowo,,Poland,Food - Salads,46,2236
111321649,Clarance,Ortelt,cortelt6x@example.com,Male,418-308-8226,Ciénaga,,Colombia,Food - Dairy,24,2238
71924584,Janeta,Agirre,jagirre6y@berkeley.edu,Female,873-418-7043,Kimakamak,,Indonesia,Fitness,53,2240
312276182,Jaynell,Radband,jradband6z@chron.com,Female,822-800-9249,Krynychky,,Ukraine,Office,30,2243
103101424,Ethe,Yeoland,eyeoland70@merriam-webster.com,Male,804-371-4611,Richmond,Virginia,United States,Food - Meat,43,2248
253170253,Klarrisa,Jurkowski,kjurkowski71@apple.com,Female,701-445-2150,Międzyrzecz,,Poland,Food - Meat Alternatives,56,2249
71925839,Zacherie,Vittet,zvittet72@mashable.com,Male,869-865-7182,Gadžin Han,,Serbia,Food - Snacks,27,2250
253185002,Hal,Benini,hbenini73@uiuc.edu,Male,892-593-7943,Caraguatatuba,,Brazil,Health,70,2251
101105341,Marc,Older,molder74@hubpages.com,Male,126-592-5081,Yushu,,China,Home,29,2253
43301601,Carolyne,Nussii,cnussii75@privacy.gov.au,Female,278-508-5926,Novoselë,,Albania,Food - Pasta,28,2255
91308481,Tasia,Titterington,ttitterington76@japanpost.jp,Female,210-508-8871,Horgo,,Mongolia,Food - Dairy,20,2257
91205652,Merissa,Blaydes,mblaydes77@google.pl,Female,616-471-0914,Ankaran,,Slovenia,Kitchen,49,2258
272471661,Terence,Zieme,tzieme78@ucsd.edu,Male,187-968-3844,Riobamba,,Ecuador,Kitchen,67,2258
125108272,Shelia,Brookshaw,sbrookshaw79@joomla.org,Female,619-445-7117,Zapod,,Albania,Food - Vegetables,29,2260
42102555,Joleen,Kirvin,jkirvin7a@oaic.gov.au,Female,893-529-6777,Si Satchanalai,,Thailand,Food - Sides,52,2268
41200089,Kingsly,Crufts,kcrufts7b@prlog.org,Male,539-459-9176,Hamburg Sankt Pauli,Hamburg,Germany,Toys,44,2270
82902391,Celinka,Ord,cord7c@macromedia.com,Female,793-553-2202,Ayamaru,,Indonesia,Clothing - Skirts,69,2271
31318693,Elisabet,Backs,ebacks7d@is.gd,Female,266-311-8727,Turpo,,Peru,Pets,18,2272
44212168,Felisha,Stones,fstones7e@patch.com,Female,110-228-0679,Timon,,Brazil,Food - Dairy,65,2275
91901192,Drew,Kender,dkender7f@chron.com,Male,821-313-0271,Claremorris,,Ireland,Food - Canned Goods,68,2280
91215529,Chad,Joddins,cjoddins7g@gravatar.com,Female,636-492-7238,Yongle,,China,Food - Soups,69,2283
271973791,Lewiss,Murty,lmurty7h@hostgator.com,Male,540-956-9882,Mitaka-shi,,Japan,Kitchen,27,2283
82900937,Dukie,Tille,dtille7i@tinypic.com,Polygender,261-291-6584,Svetlyy,,Russia,Tools,23,2286
211170169,Yasmin,Robbel,yrobbel7j@clickbank.net,Female,706-680-2747,La Purisima,Guanajuato,Mexico,Food - Sauces,49,2297
71122535,Carolan,O' Driscoll,codriscoll7k@slashdot.org,Female,895-691-0544,Aurora,,Philippines,Kitchen,38,2302
113105478,Wynnie,Skala,wskala7l@msu.edu,Female,279-284-6130,Jieyang,,China,Food - Prepared Foods,58,2307
75903983,Maxy,Jobling,mjobling7m@skyrock.com,Female,700-424-7064,Kizhinga,,Russia,Home,19,2328
62201083,Aluin,Martignon,amartignon7n@wikia.com,Male,860-462-2223,Ningmute,,China,Fitness,29,2333
63106129,Kirby,Fortye,kfortye7o@devhub.com,Female,311-361-0002,Xiangrong,,China,Kitchen,63,2338
123202280,Constancy,Tzarkov,ctzarkov7p@pcworld.com,Female,900-633-5461,Budapest,Budapest,Hungary,Food - Desserts,34,2340
62201533,Rainer,Pepin,rpepin7q@1und1.de,Male,730-739-1407,Coronel Martínez,,Paraguay,Garden,66,2341
101108380,Niccolo,Woollends,nwoollends7r@ucla.edu,Male,433-467-7918,Lalauigan,,Philippines,Garden,50,2343
67006238,Tootsie,Fulks,tfulks7s@go.com,Genderqueer,639-868-6145,Lae,,Papua New Guinea,Beauty,31,2343
51402961,Henri,Brignell,hbrignell7t@goo.ne.jp,Male,245-401-8755,Bridgewater,Nova Scotia,Canada,Pets,58,2347
124302150,Moritz,Luchelli,mluchelli7u@netvibes.com,Male,261-115-1013,Lumphăt,,Cambodia,Outdoor,61,2348
73922322,Humfrid,Burree,hburree7v@wix.com,Male,190-599-1297,Morelos,Puebla,Mexico,Food - Breakfast,57,2350
53112039,Yetty,Coyish,ycoyish7w@nymag.com,Female,561-855-9199,Asempapan,,Indonesia,Food - Sauces,35,2357
91204899,Jeannie,Le Friec,jlefriec7x@umn.edu,Female,311-657-5294,Zhangjiafan,,China,Kitchen,18,2360
221971332,Cecily,Djorevic,cdjorevic7y@nationalgeographic.com,Female,255-918-7091,Centralniy,,Russia,Food - Sides,36,2365
256073302,Michail,Pairpoint,mpairpoint7z@elpais.com,Male,561-382-8772,Lubu,,China,Food - Beverages,48,2365
113112995,Hanny,Barrass,hbarrass80@plala.or.jp,Female,192-663-3526,Thomastown,,Ireland,Food - Meat,51,2369
91917681,Darby,Behneke,dbehneke81@timesonline.co.uk,Female,500-228-6669,Ginatilan,,Philippines,Food - Seafood,45,2375
125200963,Kenyon,Sankey,ksankey82@ft.com,Male,958-826-5579,Slantsy,,Russia,Kitchen,74,2378
43000096,Carce,Colthard,ccolthard83@nyu.edu,Male,252-393-4366,Täby,Stockholm,Sweden,Office,46,2379
125108858,Juli,Schooley,jschooley84@answers.com,Female,364-283-7471,Wushan,,China,Home,56,2387
22000839,Eleanora,Flockhart,eflockhart85@shareasale.com,Female,921-983-9501,Albania,,Colombia,Home,70,2388
255070351,Melodie,Sweatman,msweatman86@weibo.com,Female,469-855-6899,Dornava,,Slovenia,Food - Frozen Food,67,2389
121137506,Rubia,Sowthcote,rsowthcote87@dmoz.org,Female,723-971-2498,Muyi,,China,Electronics,37,2390
73914822,Britteny,Hardman,bhardman88@nbcnews.com,Female,651-989-7627,Hannover,Niedersachsen,Germany,Home,70,2393
51403915,Shaina,Heinzel,sheinzel89@histats.com,Agender,830-523-9586,Keli,,China,Home,42,2394
75910882,Pepito,Reubel,preubel8a@ucsd.edu,Male,627-109-6255,Rtishchevo,,Russia,Food - Dairy,66,2396
107006936,Jada,Enrdigo,jenrdigo8b@fc2.com,Female,312-552-0826,Presidencia Roque Sáenz Peña,,Argentina,Food - Bakery,53,2397
84008853,Shaine,Bowsher,sbowsher8c@ox.ac.uk,Female,776-340-6688,Žagarė,,Lithuania,Food - Snacks,18,2401
11306492,Elli,Ridolfi,eridolfi8d@google.nl,Female,286-643-2732,Lauro de Freitas,,Brazil,Kitchen,20,2402
226070115,Bob,Vallender,bvallender8e@mlb.com,Male,597-663-1465,Phrae,,Thailand,Food - Condiments,44,2402
53012029,Shannah,Priestland,spriestland8f@biglobe.ne.jp,Female,800-277-3161,Mönsterås,Kalmar,Sweden,Food - Canned Soups,31,2404
321181200,Chris,Kristiansen,ckristiansen8g@netvibes.com,Male,183-872-4866,Västerås,Västmanland,Sweden,Pets,27,2404
64103914,Olivie,Canham,ocanham8h@smugmug.com,Female,596-590-2617,Esquina,,Argentina,Food - Frozen Foods,31,2406
44205146,Brandy,Purton,bpurton8i@shop-pro.jp,Male,267-641-1288,Taourirt,,Morocco,Electronics,66,2407
103101424,Jeremias,Sterte,jsterte8j@bluehost.com,Male,722-521-3174,København,Region Hovedstaden,Denmark,Accessories,19,2408
54000030,Cynthie,Brockie,cbrockie8k@whitehouse.gov,Female,552-107-6162,Quinua,,Peru,Food - Baking,54,2409
42200295,Marjorie,Burree,mburree8l@bbc.co.uk,Female,471-477-2086,Liboran,,Philippines,Food - Snacks,24,2415
65401107,Rory,Weafer,rweafer8m@moonfruit.com,Genderqueer,674-641-3265,Belfast,Northern Ireland,United Kingdom,Home,46,2416
22300186,Monty,Santhouse,msanthouse8n@mlb.com,Male,233-336-9372,Cabalaoangan,,Philippines,Outdoor,46,2417
226070652,Marcie,Jeanet,mjeanet8o@shinystat.com,Female,782-810-2319,Beloha,,Madagascar,Food - Baking,67,2419
22306960,Tanny,Shelmardine,tshelmardine8p@angelfire.com,Male,506-335-1663,Hutang,,China,Food - Snacks,29,2424
31301846,Keefer,Flemyng,kflemyng8q@cnet.com,Male,749-157-6783,Ouijjane,,Morocco,Home,46,2425
103000619,Pernell,Cordelet,pcordelet8r@redcross.org,Male,194-938-5441,Järna,Stockholm,Sweden,Food - Snacks,58,2426
53012197,Gianni,McCaghan,gmccaghan8s@earthlink.net,Male,832-630-6410,Chang’an,,China,Accessories,31,2430
251472542,Vernor,Greendale,vgreendale8t@blogspot.com,Male,972-556-5017,Bontoc,,Philippines,Food - Condiments,45,2431
43310980,Avis,Maccaddie,amaccaddie8u@angelfire.com,Female,892-846-5926,Rurrenabaque,,Bolivia,Food - Frozen Vegetables,25,2432
51000101,Ada,Ollivier,aollivier8v@eventbrite.com,Female,198-670-1537,Hane,,Indonesia,Clothing - Sweaters,70,2432
91406121,Glennie,Potter,gpotter8w@rediff.com,Female,200-903-3149,Kertorejo,,Indonesia,Food - Condiments,23,2435
81518333,Fraser,McRavey,fmcravey8x@tripod.com,Male,822-658-0533,Kenamoen,,Indonesia,Pets,54,2436
64103464,Frazer,Blackaller,fblackaller8y@linkedin.com,Male,862-729-9644,Jiaoyuan,,China,Food - Bakery,32,2437
84201223,Hirsch,Bursnoll,hbursnoll8z@bravesites.com,Male,287-445-1909,Velyki Mezhyrichi,,Ukraine,Food - Snacks,58,2444
101101989,Dru,Howitt,dhowitt90@dailymail.co.uk,Male,755-852-1511,Reconquista,,Argentina,Food - Frozen,22,2445
11201380,Susi,Kasman,skasman91@gnu.org,Female,284-186-5656,Banjar Bucu,,Indonesia,Food - Meat,32,2453
275071314,Ettore,Lartice,elartice92@lulu.com,Male,313-802-6340,Detroit,Michigan,United States,Food - Frozen Foods,44,2455
226070652,Tiler,Caughan,tcaughan93@webnode.com,Male,482-757-2903,Hinapalanan,,Philippines,Food - Cooking Kits,63,2455
103006406,Jobina,Greeson,jgreeson94@tumblr.com,Female,124-957-0183,Baiguo,,China,Kitchen,40,2457
53208037,Hewie,Dain,hdain95@google.pl,Male,625-405-2749,Hovd,,Mongolia,Food - Beverages,22,2460
64203021,Issiah,Grimley,igrimley96@4shared.com,Male,852-903-7952,Zacatecoluca,,El Salvador,Food - Breakfast,27,2463
283972162,Russell,Currom,rcurrom97@technorati.com,Male,565-254-4700,San Casimiro,,Venezuela,Food - Frozen Foods,36,2464
91408996,Gretta,Leupold,gleupold98@miibeian.gov.cn,Female,182-539-3243,Mülheim an der Ruhr,Nordrhein-Westfalen,Germany,Food - Bakery,64,2466
84306953,Melisse,Rosenblad,mrosenblad99@un.org,Female,509-387-5508,Słubice,,Poland,Accessories,33,2466
101104342,Kalie,Caldaro,kcaldaro9a@washington.edu,Female,256-597-8257,Chicama,,Peru,Bicycles,31,2467
21502011,Marrissa,Shinton,mshinton9b@twitpic.com,Female,456-350-0586,Chixi,,China,Smart Home,19,2468
75900863,Nathanael,Werndley,nwerndley9c@zimbio.com,Male,552-519-9672,Rychtal,,Poland,Office,47,2470
111104853,Lilyan,Howood,lhowood9d@newyorker.com,Female,712-236-3471,Główczyce,,Poland,Clothing,60,2470
53201885,Fran,Stanlock,fstanlock9e@cnn.com,Female,926-753-3927,Masaling,,Philippines,Kitchen,37,2471
63107610,Chancey,Loffel,cloffel9f@cyberchimps.com,Male,558-505-3598,Las Flores,Tamaulipas,Mexico,Accessories,52,2477
51408923,Tammara,Golledge,tgolledge9g@blogger.com,Female,542-686-6781,Skuhrov nad Bělou,,Czech Republic,Food - Frozen Foods,63,2479
122242843,Kerianne,Le Lievre,klelievre9h@latimes.com,Female,312-489-5563,Edsbyn,Gävleborg,Sweden,Food - Canned Goods,68,2480
61112843,Carson,Grout,cgrout9i@cornell.edu,Male,444-730-0378,Ngawen,,Indonesia,Food - Beverages,54,2486
53111577,Lilyan,Kerwen,lkerwen9j@illinois.edu,Female,424-421-4641,Palhoça,,Brazil,Home,28,2490
242071583,Marcello,Rosas,mrosas9k@is.gd,Male,531-833-6944,Tisul’,,Russia,Food - Sauces,42,2490
51050339,Austin,Appleford,aappleford9l@youku.com,Male,748-921-8449,Mattaldi,,Argentina,Outdoor,51,2498
125107875,Ruperto,Child,rchild9m@sourceforge.net,Male,366-496-2721,Orsay,Île-de-France,France,Food - Dairy Alternatives,37,2501
112323387,Meir,Camocke,mcamocke9n@canalblog.com,Male,500-817-0976,Jingtailu,,China,Food - Produce,27,2505
21001486,Esma,Kyle,ekyle9o@blogtalkradio.com,Female,257-541-0168,Casal dos Bernardos,Santarém,Portugal,Automotive,20,2510
274970063,Denis,Crinkley,dcrinkley9p@spotify.com,Male,596-447-6570,Tupiza,,Bolivia,Food - Frozen Vegetables,65,2512
43000630,Douglass,Northam,dnortham9q@dagondesign.com,Male,344-675-2631,Siverskiy,,Russia,Food - Condiments,54,2512
122200759,Dominga,Stutte,dstutte9r@histats.com,Female,114-951-5700,Tominian,,Mali,Kitchen,26,2514
83000108,Sherlocke,Brizell,sbrizell9s@feedburner.com,Male,814-722-3763,Agnibilékrou,,Ivory Coast,Food - Snacks,69,2519
112002080,Laurie,Gostick,lgostick9t@sun.com,Female,259-848-9650,Jemielno,,Poland,Food - Frozen Foods,52,2524
67014123,Layla,Zumbusch,lzumbusch9u@altervista.org,Female,201-140-2570,Piława Górna,,Poland,Outdoor,32,2530
63103915,Sumner,Macieiczyk,smacieiczyk9v@wix.com,Male,749-145-9931,Anyang-si,,South Korea,Kitchen,57,2532
74905461,Dean,Shory,dshory9w@huffingtonpost.com,Genderfluid,392-314-0047,Domalanoan,,Philippines,Pets,62,2535
21973019,Rudiger,Thursby,rthursby9x@cmu.edu,Male,119-455-9571,Malbork,,Poland,Food - Baking,18,2538
114916705,Kendra,Lightwood,klightwood9y@reference.com,Female,548-175-1846,Al Misrākh,,Yemen,Food - Supplements,19,2538
222371054,Sella,Ragat,sragat9z@harvard.edu,Polygender,556-922-0917,Benhong,,China,Food - Spices,41,2539
104913048,Selina,Summerbell,ssummerbella0@reuters.com,Female,373-869-1361,Boden,Norrbotten,Sweden,Food - Frozen Foods,70,2542
124084672,Heath,Chaudron,hchaudrona1@marketwatch.com,Male,222-713-9979,Gunungmanik,,Indonesia,Food - Snacks,47,2545
56009233,Julianne,Belitz,jbelitza2@reverbnation.com,Female,267-203-9566,Dambořice,,Czech Republic,Home,20,2550
322271096,Jerad,Graveney,jgraveneya3@wikimedia.org,Male,279-195-1191,Piątnica,,Poland,Food - Fresh Produce,48,2550
122402324,Allx,Forrestor,aforrestora4@hud.gov,Female,525-717-7758,Tongren,,China,Food - Soups,37,2551
91406833,Vern,Pinckard,vpinckarda5@barnesandnoble.com,Bigender,290-879-1338,Barat,,Indonesia,Food - Canned Goods,26,2552
61000052,Cleon,Niblett,cnibletta6@1und1.de,Male,991-166-9495,Thị Trấn Ngải Giao,,Vietnam,Kitchen,53,2561
91406121,Tobin,Harpham,tharphama7@abc.net.au,Male,117-710-1027,Bobojong,,Indonesia,Food - Desserts,72,2562
53112479,Taddeo,Dudenie,tdudeniea8@china.com.cn,Male,997-788-6737,Shatoujiao,,China,Home,54,2564
73902494,Curcio,Boulden,cbouldena9@youtube.com,Male,163-320-2924,Kalodu,,Indonesia,Kitchen,66,2567
253271987,Hilary,Flowith,hflowithaa@un.org,Male,205-344-1393,Toutai,,China,Food - Meal Kits,64,2572
104112849,Yetty,Cresswell,ycresswellab@sina.com.cn,Female,615-272-9080,Nikhom Phattana,,Thailand,Tools,21,2577
111303117,Jany,Hutchinson,jhutchinsonac@icq.com,Female,731-943-7578,Irupi,,Brazil,Clothing - Shoes,64,2583
113123625,Isis,Ivashkin,iivashkinad@studiopress.com,Female,617-827-5734,San Juan del Cesar,,Colombia,Food - Spices,62,2583
111013672,Mandie,Trenholme,mtrenholmeae@virginia.edu,Female,503-395-8670,Lidingö,Stockholm,Sweden,Food - Frozen Meals,19,2583
103112507,Dudley,Aspall,daspallaf@elegantthemes.com,Male,594-208-7747,Byera Village,,Saint Vincent and the Grenadines,Food - Grains,35,2584
113114595,Ardenia,Svanetti,asvanettiag@go.com,Female,814-475-9260,Sausa,,Peru,Food - Beverages,21,2587
31302447,Hewitt,Badrock,hbadrockah@quantcast.com,Male,963-447-4661,Rušanj,,Serbia,Safety,34,2588
101109512,Gaby,Keasy,gkeasyai@skype.com,Male,937-536-4222,Narathiwat,,Thailand,Outdoor,64,2588
123206590,Meagan,McAdam,mmcadamaj@wisc.edu,Female,585-193-3613,La Tebaida,,Colombia,Food - Bakery,62,2590
111916452,Gerri,Brockley,gbrockleyak@sun.com,Male,590-457-7148,Sovetskaya,,Russia,Food - Baking,43,2595
107002503,Brandie,Wardale,bwardaleal@netvibes.com,Female,771-167-6094,Katsina-Ala,,Nigeria,Home,37,2596
31100144,Glendon,Jaine,gjaineam@go.com,Male,894-872-9989,Laoxialu,,China,Food - Produce,61,2596
63106501,Iris,Annon,iannonan@si.edu,Female,343-457-0388,Geneng Tengah,,Indonesia,Food - Beverages,45,2596
91201258,Lanna,Hallbord,lhallbordao@xrea.com,Female,111-405-4617,Tunggar,,China,Food - Frozen Foods,30,2596
75903792,Adelaida,Alywin,aalywinap@arstechnica.com,Female,497-968-2431,Castanheira de Pêra,Leiria,Portugal,Food - Snacks,64,2598
125106986,Mora,Normandale,mnormandaleaq@netvibes.com,Genderfluid,586-703-4923,Taocun,,China,Home,19,2598
211872959,Earle,Bothram,ebothramar@yelp.com,Male,167-598-8336,Jinchang,,China,Accessories,67,2601
91215626,Gradey,Pimblotte,gpimblotteas@csmonitor.com,Male,373-497-8252,Yuanquan,,China,Food - Meats,45,2604
62204938,Sarena,Scard,sscardat@bing.com,Female,432-747-1984,Ambato,,Ecuador,Fitness,42,2615
64107046,Kristi,Verny,kvernyau@51.la,Female,220-789-6140,Cát Bà,,Vietnam,Food - Nuts,61,2617
83908174,Georgine,Whitlock,gwhitlockav@com.com,Female,275-648-4833,Kadumelati,,Indonesia,Food - Meat,60,2621
91818117,Marris,Louth,mlouthaw@aol.com,Female,981-475-9899,Dayou,,China,Food - Grains,67,2625
82902663,Syman,Crookall,scrookallax@omniture.com,Agender,571-358-8096,Buga,,Philippines,Accessories,66,2643
101101057,Euphemia,Sackes,esackesay@mtv.com,Female,357-373-8037,Baruunturuun,,Mongolia,Health,63,2645
221370030,Clerc,Broxton,cbroxtonaz@sina.com.cn,Male,302-803-8507,Proletarsk,,Russia,Fitness,73,2646
64103914,Rebekah,Lackey,rlackeyb0@yandex.ru,Female,784-904-2457,Nowosielce-Gniewosz,,Poland,Food - Health Foods,40,2648
113024274,Godfrey,Caillou,gcailloub1@angelfire.com,Male,320-980-4762,Khal’ch,,Belarus,Food - Frozen,74,2649
84101051,Lorita,Rodrig,lrodrigb2@comcast.net,Female,579-868-9073,Wenfu,,China,Crafts,60,2651
101001283,Paulette,Corderoy,pcorderoyb3@mysql.com,Female,682-930-4401,Tānk,,Pakistan,Food - Bakery,73,2679
53207902,Rikki,MacDavitt,rmacdavittb4@angelfire.com,Female,328-318-0384,Gościeradów,,Poland,Food - Baking,46,2682
71119865,Dino,Vlach,dvlachb5@tiny.cc,Male,139-658-4433,Dukuhsia,,Indonesia,Pets,73,2684
121142148,West,Shaxby,wshaxbyb6@diigo.com,Male,478-860-3123,Khiliomódhi,,Greece,Health,35,2685
65300020,Nevsa,Linfoot,nlinfootb7@cmu.edu,Female,925-541-0599,Xinxing,,China,Beauty,64,2687
54001725,Cybil,Matuska,cmatuskab8@biblegateway.com,Female,709-409-1394,Oslo,Oslo,Norway,Food - Health/Protein,24,2692
221471104,Lorain,Reina,lreinab9@wired.com,Non-binary,296-715-3798,Minas de Matahambre,,Cuba,Food - Fresh Produce,50,2694
74912645,Guillaume,Lindsay,glindsayba@cpanel.net,Male,803-620-9938,Matnah,,Yemen,Photography,40,2695
64200765,Neal,Honack,nhonackbb@ucoz.com,Male,213-974-8207,Perechyn,,Ukraine,Food - Snacks,50,2695
111909841,Marget,Golsthorp,mgolsthorpbc@nba.com,Female,602-895-5738,Padre Bernardo,,Brazil,Office,43,2703
51502175,Bertram,Leebeter,bleebeterbd@meetup.com,Male,993-402-8520,Dvorichna,,Ukraine,Clothing - Activewear,54,2705
122241200,Brande,Philpots,bphilpotsbe@goo.ne.jp,Female,447-890-3587,Zhengcun,,China,Kitchen,29,2706
53111988,Tabbie,Tiptaft,ttiptaftbf@cdc.gov,Male,710-571-8004,Shwebo,,Myanmar,Food - Baking,38,2706
61220609,Tim,Atherton,tathertonbg@dropbox.com,Female,981-720-2058,Cilongkrangpusaka,,Indonesia,Kitchen,45,2708
65205329,Lawry,Hiley,lhileybh@liveinternet.ru,Male,366-259-8051,Tai’an,,China,Clothing - Outerwear,42,2712
31301532,Elsy,Ledgerton,eledgertonbi@chicagotribune.com,Female,720-111-4911,Pamatang,,Indonesia,Home,45,2713
31302803,Derrek,Rains,drainsbj@squarespace.com,Male,960-729-7638,Jardín América,,Argentina,Clothing - Activewear,55,2715
62101581,Jocelyne,Crellin,jcrellinbk@multiply.com,Female,764-570-2659,Strängnäs,Södermanland,Sweden,Garden,64,2716
101201892,Sheffie,Roder,sroderbl@ebay.co.uk,Male,403-122-7373,Valbo,Gävleborg,Sweden,Food - Dairy,28,2717
322280870,Scottie,Nowland,snowlandbm@plala.or.jp,Male,564-134-2470,Shi’an,,China,Food - Snacks,67,2722
103104353,Amil,Feldmesser,afeldmesserbn@reddit.com,Non-binary,538-867-7226,Pantano do Sul,,Brazil,Food - Fresh Produce,24,2729
43000096,Briggs,Fowkes,bfowkesbo@a8.net,Male,275-368-0087,Bulianhe,,China,Pets,66,2737
83908174,Gaultiero,Annice,gannicebp@toplist.cz,Male,230-840-9180,Songyuan,,China,Food - Spices,23,2739
63112249,Cal,Zapata,czapatabq@gravatar.com,Male,969-168-9544,Alqueva,Évora,Portugal,Toys,41,2744
114000653,Benetta,Fullard,bfullardbr@sohu.com,Female,702-991-4890,Las Vegas,Nevada,United States,Food - Vegetarian,43,2745
271971777,Cesaro,Ingram,cingrambs@mysql.com,Male,660-650-7550,Pocohuanca,,Peru,Food - Frozen Foods,65,2747
111000025,Gayle,Kinkaid,gkinkaidbt@vistaprint.com,Male,606-784-0187,Tonga,,Cameroon,Wearable Tech,42,2751
91402905,Wilt,O'Shee,wosheebu@yellowpages.com,Male,794-228-1140,Gobernador Gálvez,,Argentina,Kitchen,33,2756
122220506,Berkie,Catford,bcatfordbv@addthis.com,Male,179-266-6726,Sufang,,China,Clothing - Bottoms,67,2756
62102292,Sammy,Lansdowne,slansdownebw@state.gov,Female,136-232-0585,Alagoa Grande,,Brazil,Clothing - Bottoms,60,2756
103103396,Eldridge,Pyper,epyperbx@samsung.com,Male,248-832-8818,Piraju,,Brazil,Food - Desserts,19,2757
111925317,Margot,Geraldini,mgeraldiniby@bing.com,Female,469-679-8667,Yongfeng,,China,Wearable Tech,59,2760
51403915,Eugen,Caldecot,ecaldecotbz@cmu.edu,Male,902-203-2143,Xinning,,China,Food - Nuts,54,2762
102100772,Odele,Boner,obonerc0@usda.gov,Female,765-525-2266,Puutuga,,Indonesia,Kitchen,60,2763
71004200,Brett,Haysman,bhaysmanc1@hao123.com,Male,719-306-7982,Qionghu,,China,Kitchen,49,2765
91001157,Raul,Frend,rfrendc2@fema.gov,Male,551-511-0591,Psebay,,Russia,Fitness,68,2769
91501204,Cristian,Lingner,clingnerc3@ycombinator.com,Male,609-153-5782,Trenton,New Jersey,United States,Kitchen,49,2771
64000020,Sal,Concannon,sconcannonc4@ovh.net,Female,384-981-5362,Gengcheng,,China,Kitchen,40,2772
84304573,Saudra,Dunwoody,sdunwoodyc5@meetup.com,Female,592-154-6960,Boyu,,China,Food - Bakery,37,2774
111104853,Edwin,Arrundale,earrundalec6@gov.uk,Male,639-178-5038,Popielów,,Poland,Outdoor,20,2776
122487307,Fulvia,Scherer,fschererc7@dion.ne.jp,Female,575-725-2727,Roblin,Manitoba,Canada,Toys,46,2776
125107862,Steffi,Wallsworth,swallsworthc8@hexun.com,Female,747-618-9050,Pentecoste,,Brazil,Food - Condiments,64,2779
64103671,Clemente,Vasyaev,cvasyaevc9@geocities.com,Male,531-637-5432,Bandar-e Ganāveh,,Iran,Clothing - Footwear,74,2782
65402517,Marcella,Reboulet,mrebouletca@nifty.com,Female,626-472-9306,Al Mayādīn,,Syria,Food - Bakery,28,2784
28001081,Esmaria,Ranking,erankingcb@wired.com,Female,643-488-4952,Jiworejo,,Indonesia,Crafts,48,2785
67008579,Olivero,Markushkin,omarkushkincc@i2i.jp,Male,404-840-0088,Fenoarivo Atsinanana,,Madagascar,Food - Condiments,32,2787
121103886,Elka,Bridgett,ebridgettcd@usgs.gov,Female,303-697-9518,Muruni,,Indonesia,Food - Condiments,39,2788
113105452,Sascha,Grindall,sgrindallce@sun.com,Female,133-619-3838,Fuzhiping,,China,Food - Snacks,51,2792
73905718,Alyse,Boulds,abouldscf@java.com,Female,366-724-1668,Hengbanqiao,,China,Kitchen,31,2793
63209505,Wood,Pinkstone,wpinkstonecg@istockphoto.com,Male,783-466-7936,Ardabīl,,Iran,Kitchen,75,2800
84301107,Phaedra,Radmore,pradmorech@reuters.com,Female,355-166-9656,Stykkishólmur,,Iceland,Outdoor,73,2800
107003010,Cassondra,Strut,cstrutci@tamu.edu,Female,208-443-0759,Muhoroni,,Kenya,Food - Dips,51,2802
71904355,Hewe,Agiolfinger,hagiolfingercj@howstuffworks.com,Male,305-340-4672,Guanlu,,China,Home,19,2803
111319004,Howard,Bavage,hbavageck@nyu.edu,Male,607-748-2281,Swindon,England,United Kingdom,Food - Confectionery,37,2818
11307077,Jdavie,Millett,jmillettcl@com.com,Male,788-151-2482,Marxog,,China,Food - Grains,29,2829
65300279,Ilario,Folliott,ifolliottcm@com.com,Male,392-608-7512,Rouen,Haute-Normandie,France,Food - Canned Goods,67,2833
75902816,Orelie,Keeri,okeericn@mozilla.com,Female,145-593-2799,Dežanovac,,Croatia,Food - Beverages,58,2835
122240010,Morton,Mortel,mmortelco@cam.ac.uk,Male,103-795-8754,Kímolos,,Greece,Electronics,64,2839
81504693,Hasty,Caslane,hcaslanecp@goo.ne.jp,Male,561-896-8707,Dagang,,China,Food - Bakery,30,2840
123306160,Molly,Allett,mallettcq@hud.gov,Female,997-719-2504,Třinec,,Czech Republic,Accessories,65,2841
31100351,Gallagher,Cornely,gcornelycr@nationalgeographic.com,Male,189-525-9028,Panay,,Philippines,Fitness,39,2843
67092310,Glyn,Pomery,gpomerycs@elegantthemes.com,Polygender,822-876-1716,Szolnok,Jász-Nagykun-Szolnok,Hungary,Food - Supplements,18,2844
67015546,Devan,Ghiron,dghironct@aol.com,Female,904-500-6098,Guantang,,China,Food - Meat,40,2844
67016040,Walker,Spurrett,wspurrettcu@discuz.net,Male,645-697-6675,Buyun,,China,Kitchen,34,2848
322077818,Burnard,Bezarra,bbezarracv@nydailynews.com,Male,246-957-6338,Dayou,,China,Food - Snacks,56,2856
21201011,Sonny,Radleigh,sradleighcw@tinypic.com,Female,941-985-9918,Yu’erhong,,China,Pets,74,2856
71902797,Cthrine,Woolbrook,cwoolbrookcx@hugedomains.com,Female,482-425-4576,Padurung,,Indonesia,Electronics,48,2856
211371476,Dani,Aneley,daneleycy@clickbank.net,Female,453-614-0683,Lorino,,Russia,Food - Vegetables,21,2862
74001048,Julia,Asquez,jasquezcz@noaa.gov,Female,167-384-6979,Guanxi,,China,Accessories,20,2862
42203001,Nora,Kelcher,nkelcherd0@furl.net,Female,698-249-7986,Sandyford,,Ireland,Health,43,2864
71108669,Domingo,Buckell,dbuckelld1@creativecommons.org,Male,982-231-8848,Banjar Petak,,Indonesia,Health,39,2873
101103356,Xylina,Monget,xmongetd2@huffingtonpost.com,Female,478-482-7123,Xiangcheng,,China,Electronics,19,2875
51402589,Wileen,Biswell,wbiswelld3@soup.io,Genderfluid,108-681-8736,Thị Trấn Hùng Quốc,,Vietnam,Outdoor,65,2878
63112249,Sheilakathryn,Duigenan,sduigenand4@elegantthemes.com,Female,281-790-4662,Āshtīān,,Iran,Outdoor,39,2885
221271029,Zea,Rainsbury,zrainsburyd5@360.cn,Female,803-941-7136,Hrodna,,Belarus,Audio,54,2887
71002134,Gustav,Simonini,gsimoninid6@latimes.com,Male,871-429-4497,Barcin,,Poland,Kitchen,72,2892
61104877,Alfy,Raccio,aracciod7@vimeo.com,Female,967-860-9363,Huangtugang,,China,Pets,36,2899
103107402,Hobie,Toquet,htoquetd8@ftc.gov,Male,217-203-2493,Springfield,Illinois,United States,Food - Baking & Cooking,41,2899
64108647,Dore,Meecher,dmeecherd9@timesonline.co.uk,Male,786-166-9658,Tirah,,Israel,Storage,63,2902
11302920,Lorene,Walkington,lwalkingtonda@xinhuanet.com,Female,491-176-9304,Hevlín,,Czech Republic,Food - Snacks,59,2903
125108942,Aube,Gosson,agossondb@slideshare.net,Male,915-747-3040,El Paso,Texas,United States,Garden,36,2904
75906142,Marianne,Gaylor,mgaylordc@netvibes.com,Female,429-933-8635,Brailiv,,Ukraine,Accessories,21,2905
21912410,Romola,Blanch,rblanchdd@dedecms.com,Female,934-356-8842,Babakan,,Indonesia,Photography,47,2909
63013924,Dominik,Bowlesworth,dbowlesworthde@fema.gov,Male,749-923-8895,Wanshan,,China,Pets,22,2914
103012869,Victoir,Seeman,vseemandf@comcast.net,Male,401-988-4502,Villeneuve-la-Garenne,Île-de-France,France,Home,46,2915
122187212,Danya,Wormstone,dwormstonedg@livejournal.com,Male,622-462-7484,Vassouras,,Brazil,Home,31,2916
91409597,Mischa,Desforges,mdesforgesdh@yale.edu,Male,528-937-1442,Ciemas,,Indonesia,Food - Dairy,49,2919
82001881,Erick,Caygill,ecaygilldi@bing.com,Male,165-776-4919,Pýrgos,,Greece,Food - Meal Kits,26,2924
73903150,Kahaleel,Iacovino,kiacovinodj@foxnews.com,Male,713-207-7834,Shiziqiao,,China,Home Appliances,43,2934
61092387,Brennan,Hentzeler,bhentzelerdk@weibo.com,Male,820-276-6635,Ikalamavony,,Madagascar,Food - Frozen Vegetables,48,2935
62203395,Jory,Fetherston,jfetherstondl@gmpg.org,Male,155-750-2733,Shapa,,China,Toys,70,2937
62201708,Suzi,Stocks,sstocksdm@sun.com,Female,698-197-9490,Sandakan,Sabah,Malaysia,Food - Sauces,52,2941
125107079,Clarine,Hindrich,chindrichdn@meetup.com,Agender,147-922-5915,Khōshāmand,,Afghanistan,Food - Nuts,66,2947
221278721,Prent,Deveril,pdeverildo@so-net.ne.jp,Genderfluid,942-600-0838,Saint-Cloud,Île-de-France,France,Food - Bakery,67,2950
103102889,Byran,Guyot,bguyotdp@statcounter.com,Male,546-730-3604,Krasnolesnyy,,Russia,Food,71,2955
71102322,Lucille,Holcroft,lholcroftdq@mediafire.com,Female,990-679-3406,Caldelas,Leiria,Portugal,Kitchen,35,2958
111321270,Antonia,Cartledge,acartledgedr@vkontakte.ru,Female,503-978-3585,Primorsk,,Russia,Kitchen,74,2959
122402052,Roxine,Snedker,rsnedkerds@epa.gov,Female,382-682-8317,Diamantina,,Philippines,Food - Frozen Foods,18,2966
55000288,Corine,Peake,cpeakedt@economist.com,Female,797-130-8144,Ipu,,Brazil,Food - Baking Goods,70,2967
11900571,Lynsey,Rouby,lroubydu@webs.com,Female,373-216-9391,Stenungsund,Västra Götaland,Sweden,Automotive,26,2971
121141288,Chauncey,Tiery,ctierydv@census.gov,Male,763-548-6436,Pulau Pinang,Pulau Pinang,Malaysia,Home,63,2976
11301798,Leigh,Swyer,lswyerdw@networkadvertising.org,Male,463-504-7820,Nyimba,,Zambia,Home,73,2980
91303376,Thibaut,Biffen,tbiffendx@godaddy.com,Male,344-855-1778,Sabnova,,Russia,Electronics,61,2980
63116588,Crichton,Metschke,cmetschkedy@vkontakte.ru,Male,503-602-0243,Beaverton,Oregon,United States,Food - Salads,41,2983
61204463,Zebadiah,Grinston,zgrinstondz@npr.org,Male,780-623-6995,Dobre Miasto,,Poland,Kitchen,40,2988
313172052,Carlotta,O'Lahy,colahye0@dmoz.org,Female,935-554-6138,Anjia,,China,Food - Grains,56,2990
101219059,Con,Rabidge,crabidgee1@issuu.com,Male,434-156-7402,Charlottesville,Virginia,United States,Home,69,2991
321170444,Amber,Joret,ajorete2@aboutads.info,Female,412-598-0346,Thanatpin,,Myanmar,Outdoor,20,2991
101100223,Jaclin,Scanterbury,jscanterburye3@acquirethisname.com,Female,376-407-4656,Páchni,,Greece,Food - Canned Goods,34,2994
123103729,Nancee,Valentinuzzi,nvalentinuzzie4@netlog.com,Female,905-191-2580,Succha,,Peru,Food - Produce,42,2997
81912379,Kit,Belhome,kbelhomee5@flickr.com,Male,426-196-5895,Neni,,Nigeria,Tools,38,2998
111013672,Hollis,Kinder,hkindere6@dailymail.co.uk,Male,355-220-6854,Ibirité,,Brazil,Food - Pasta,44,3001
71001533,Beauregard,Becaris,bbecarise7@etsy.com,Male,251-185-7311,Khon Buri,,Thailand,Food - Dairy,58,3005
63114425,Celie,Garrow,cgarrowe8@si.edu,Female,393-415-2189,Pasir Mas,Kelantan,Malaysia,Pets,18,3005
72413560,Mora,Andriulis,mandriulise9@yahoo.com,Female,691-562-9391,Santa Cruz,,Philippines,Office,68,3008
84201443,Adaline,McRill,amcrillea@who.int,Female,235-623-5386,Molepolole,,Botswana,Home,39,3008
64107046,Blaine,D'eath,bdeatheb@imageshack.us,Male,527-931-3476,Banos,,Philippines,Home,22,3012
71123398,Di,Naisby,dnaisbyec@narod.ru,Female,249-154-7220,Xiting,,China,Garden,22,3015
122244171,Corney,Sime,csimeed@mayoclinic.com,Male,897-715-6221,Mariestad,Västra Götaland,Sweden,Clothing - Shirts,25,3015
91212687,Maddi,Melson,mmelsonee@statcounter.com,Polygender,272-551-9911,Broshniv-Osada,,Ukraine,Home,26,3019
102004519,Osgood,Richardon,orichardonef@ehow.com,Male,231-398-8406,Bambari,,Central African Republic,Music,22,3028
111909443,Yancy,Aronowicz,yaronowiczeg@mapy.cz,Male,821-790-9204,Ribeira Seca,Ilha de São Miguel,Portugal,Home,51,3034
63113523,Tod,Chapellow,tchapelloweh@dmoz.org,Non-binary,532-135-3947,Vito,,Philippines,Food - Frozen Meals,75,3035
61103852,Ingrim,Niven,inivenei@thetimes.co.uk,Non-binary,873-549-7590,Samayac,,Guatemala,Food - Seasonings,63,3035
211372077,Orton,Jelks,ojelksej@mediafire.com,Male,470-272-1036,Foumbouni,,Comoros,Health,38,3036
111908127,Irwin,Gerard,igerardek@ibm.com,Non-binary,239-339-6969,Letsheng,,Botswana,Kitchen,51,3037
274970584,Lucilia,Fairey,lfaireyel@chron.com,Female,206-666-0534,Liuyuan,,China,Clothing - Shirts,74,3037
121122676,Druci,Filipyev,dfilipyevem@google.co.uk,Agender,374-713-5616,Dokuchayevs’k,,Ukraine,Food - Condiments,50,3039
65300020,Barris,Janota,bjanotaen@ning.com,Genderqueer,952-933-9842,Bernay,Haute-Normandie,France,Food - Snacks,29,3042
107003023,Katherina,Norkett,knorketteo@woothemes.com,Female,452-678-6299,Oslo,Oslo,Norway,Accessories,58,3042
61104123,Ozzy,Dary,odaryep@usa.gov,Male,417-781-1831,Longchi,,China,Food - Frozen Fruits,27,3045
91000080,Windham,Wash,wwasheq@mit.edu,Male,620-653-9335,South Tangerang,,Indonesia,Home,40,3052
113122655,Lonnie,Traut,ltrauter@ow.ly,Male,388-217-9913,Angoulême,Poitou-Charentes,France,Kitchen,49,3053
111907021,Orsa,Ridings,oridingses@aol.com,Female,559-617-8770,Broto,,Indonesia,Food - Meat,52,3055
63112906,Yorke,Allin,yallinet@nytimes.com,Male,562-229-1121,Chaoyang,,China,Health,63,3055
42107424,Lexie,Frobisher,lfrobishereu@tinypic.com,Female,544-723-1785,Ardirejo,,Indonesia,Food - Baking & Cooking,25,3060
65000171,Laryssa,Mityashin,lmityashinev@webnode.com,Female,381-795-0691,Santa Ana,,Venezuela,Pets,21,3066
61000146,Vonni,Rodden,vroddenew@themeforest.net,Female,485-917-5483,Mae Charim,,Thailand,Food - Baking,48,3068
101202503,Arliene,Bevar,abevarex@biblegateway.com,Female,391-605-0629,Zaandam,Provincie Noord-Holland,Netherlands,Food - Baking,34,3069
21410637,Rosaline,Kill,rkilley@example.com,Female,935-866-5139,Xinó Neró,,Greece,Outdoor,59,3072
84306953,Inness,Di Bartolommeo,idibartolommeoez@disqus.com,Male,807-892-2696,Reshetnikovo,,Russia,Outdoor,42,3075
71900786,Mattheus,Fraine,mfrainef0@squarespace.com,Male,421-543-9609,Al Ḩammāmāt,,Tunisia,Food - Meat & Seafood,46,3079
91204763,Thatch,Howles,thowlesf1@360.cn,Male,624-272-4242,Dadoupu,,China,Food - Frozen Foods,75,3083
26014193,Essie,Auston,eaustonf2@dedecms.com,Non-binary,999-408-4679,Krumvíř,,Czech Republic,Electronics,45,3086
103107402,Aloin,Chadbourn,achadbournf3@rambler.ru,Male,493-100-1045,Julita,,Philippines,Food - Produce,37,3094
123206545,Edith,Foad,efoadf4@harvard.edu,Female,536-699-9592,Deskáti,,Greece,Food - Canned Goods,64,3097
72413609,Belita,Biasi,bbiasif5@slashdot.org,Female,687-110-0100,Sucre,,Peru,Kitchen,72,3106
72414297,Kayle,Corre,kcorref6@ezinearticles.com,Female,912-779-4849,Kota Kinabalu,Sabah,Malaysia,Food - Condiments,73,3107
61302417,Karl,Beesey,kbeeseyf7@patch.com,Male,102-132-1583,Zhongshi,,China,Outdoor,51,3111
65402494,Carlee,Hawtrey,chawtreyf8@usa.gov,Female,592-593-3880,Saint-Denis,Réunion,Reunion,Food - Condiments,57,3112
101106379,Cassius,Selwin,cselwinf9@soup.io,Male,265-482-4264,Xinpu,,China,Fitness,65,3114
255072935,Georgette,Janout,gjanoutfa@ebay.co.uk,Female,578-382-3500,Tsukawaki,,Japan,Food - Snacks,21,3116
284274076,Marie-ann,Cowie,mcowiefb@boston.com,Female,396-682-2497,Velyka Lepetykha,,Ukraine,Pets,32,3119
51403041,Helenelizabeth,Crennell,hcrennellfc@homestead.com,Female,986-745-6197,Mugan,,China,Kitchen,53,3121
311093120,Emmott,De Malchar,edemalcharfd@shop-pro.jp,Male,888-500-6790,Chavão,Braga,Portugal,Food - Frozen Meals,27,3128
221471104,Gino,Edds,geddsfe@yahoo.co.jp,Male,594-370-0420,Tsagaandörvölj,,Mongolia,Fitness,71,3131
62203010,Isidor,Baile,ibaileff@dot.gov,Male,519-873-6003,Cimanggu Wetan,,Indonesia,Home,70,3137
253170253,Edy,Batte,ebattefg@sfgate.com,Female,285-387-6931,Motong,,Indonesia,Home,68,3138
231374945,Helen,Tivolier,htivolierfh@mac.com,Female,272-959-9928,Danan,,China,Toys,57,3139
122242102,Francisco,Roze,frozefi@omniture.com,Male,701-633-7472,Lindome,Västra Götaland,Sweden,Clothing - Shirts,40,3141
44072337,Bastien,Dunbobin,bdunbobinfj@ibm.com,Male,492-852-6424,Jingchuan Chengguanzhen,,China,Kitchen,24,3151
64202682,Pietro,Comino,pcominofk@flickr.com,Male,654-320-6231,Sedatiagung,,Indonesia,Home,53,3155
103102216,Geraldine,Talks,gtalksfl@cloudflare.com,Female,133-667-3935,Novosheshminsk,,Russia,Smart Home,31,3160
125106986,Wainwright,Mathiot,wmathiotfm@msn.com,Male,320-475-6854,Wielgie,,Poland,Food - Canned Soups,75,3163
253170253,Guenna,Kilty,gkiltyfn@wp.com,Non-binary,622-483-1378,Dřevohostice,,Czech Republic,Health,59,3165
107006554,Boone,Sculley,bsculleyfo@si.edu,Male,719-774-1535,Dabu,,China,Food - Bakery,37,3167
253184841,Kent,Heims,kheimsfp@upenn.edu,Male,809-825-4195,Banqiao,,China,Food - Snacks,48,3168
121142834,Donavon,Gargett,dgargettfq@huffingtonpost.com,Male,210-643-6488,Pátmos,,Greece,Clothing - Pants,54,3173
61113017,Dory,Emett,demettfr@columbia.edu,Female,465-624-1692,Fengshan,,China,Health,57,3173
101101976,Annissa,Selborne,aselbornefs@google.com.br,Female,752-601-0159,Vale,Aveiro,Portugal,Food - Snacks,42,3175
322283835,Gaby,Rozec,grozecft@liveinternet.ru,Male,838-922-2208,Ragana,,Latvia,Food - Prepared Foods,61,3178
114907633,Thurstan,Gyer,tgyerfu@imdb.com,Male,659-545-4007,Longsheng,,China,Home,36,3178
81903524,Ingeberg,Dongles,idonglesfv@bandcamp.com,Female,812-898-8847,Fengcheng,,China,Outdoor,45,3182
64105666,Jaime,Calvey,jcalveyfw@alexa.com,Female,941-228-7880,Ochla,,Poland,Food - Nuts,35,3187
21200957,Otho,Daymond,odaymondfx@un.org,Male,890-759-1325,Larkird,,Afghanistan,Food - Baked Goods,48,3192
122100024,Neilla,Bosse,nbossefy@businessweek.com,Female,554-949-6446,Veiga,Porto,Portugal,Food - Snacks,68,3198
86518477,Ev,Scudders,escuddersfz@livejournal.com,Male,833-194-5878,Shunyi,,China,Bicycles,53,3201
113100745,Jeri,De Mico,jdemicog0@nasa.gov,Female,492-618-1791,Tucuruí,,Brazil,Food - Meat Substitutes,62,3201
81227129,Constantino,Bridden,cbriddeng1@nyu.edu,Bigender,295-264-5168,Saint-Denis,Île-de-France,France,Clothing - Shirts,63,3206
22000127,Henderson,O'Callaghan,hocallaghang2@usda.gov,Male,309-742-6717,Vélizy-Villacoublay,Île-de-France,France,Toys,50,3206
121144528,Katha,Thalmann,kthalmanng3@microsoft.com,Female,171-212-0652,Miryang,,South Korea,Food - Fresh Produce,43,3206
125008288,Cobb,Elnough,celnoughg4@who.int,Male,209-259-4715,Phonphisai,,Thailand,Food - Frozen Desserts,35,3208
114921949,Bette,Winskill,bwinskillg5@oracle.com,Female,316-451-4334,Tha Wang Pha,,Thailand,Food - Frozen Foods,63,3221
103107486,Melvin,Fulop,mfulopg6@hubpages.com,Male,838-661-1046,Wadi,,China,Books,21,3227
113105368,Gerrie,McCaughen,gmccaugheng7@senate.gov,Female,157-222-5927,Potou,,China,Food - Bakery,71,3231
211370231,Cheston,ducarme,cducarmeg8@gnu.org,Male,723-773-9966,Esperanza,,Argentina,Food - Snacks,65,3232
43303832,Karna,Lemmers,klemmersg9@a8.net,Female,463-870-5700,Camachile,,Philippines,Outdoor,33,3241
71108669,Iain,Bende,ibendega@vimeo.com,Male,927-224-8115,Tokarnia,,Poland,Food - Condiments,24,3245
107006554,Greer,Lamyman,glamymangb@mail.ru,Bigender,120-102-2390,Fengjiang,,China,Clothing - Loungewear,24,3257
111913756,Giselle,Michal,gmichalgc@cloudflare.com,Female,360-143-6378,Vancouver,Washington,United States,Outdoor,43,3259
262285184,Berty,Stallard,bstallardgd@goo.ne.jp,Male,375-252-6232,Xibër-Murrizë,,Albania,Food - Deli Meats,74,3264
72402199,Uta,Proven,uprovenge@statcounter.com,Female,392-459-2132,Muruni,,Indonesia,Garden,43,3269
231372183,Boote,Aldrich,baldrichgf@deliciousdays.com,Male,982-544-1617,Pengilon,,Indonesia,Food - Grains,54,3270
11301536,Vincents,Wrigley,vwrigleygg@google.com.hk,Male,468-769-0340,Borek,,Poland,Food - Snacks,65,3271
73921190,Milton,Stoade,mstoadegh@addthis.com,Male,158-615-6016,Honghe,,China,Books,46,3271
65403370,Augusta,Lambart,alambartgi@simplemachines.org,Agender,370-443-5810,Yuli,,Nigeria,Wearable Tech,20,3272
42200910,Augustin,Quinby,aquinbygj@admin.ch,Male,331-177-5352,Camachile,,Philippines,Food - Snacks,61,3276
74905380,Leisha,Granger,lgrangergk@icq.com,Female,842-403-1101,Kuala Terengganu,Terengganu,Malaysia,Food - Meat Substitutes,50,3277
114911807,Sal,Venneur,svenneurgl@goo.ne.jp,Male,346-965-8345,Marsh Harbour,,Bahamas,Books,26,3278
111905230,Gabrila,Scotter,gscottergm@foxnews.com,Female,976-731-3614,Zopilotepe,,Honduras,Food - Spices,24,3282
111900594,Archibald,Normanvill,anormanvillgn@un.org,Male,436-877-2619,Ipoh,Perak,Malaysia,Bicycles,27,3284
101114552,Kattie,Levison,klevisongo@freewebs.com,Female,189-270-6758,Xiejiatan,,China,Food - Snacks,69,3287
253173496,Orland,Trenaman,otrenamangp@harvard.edu,Male,662-392-7074,Oesapa,,Indonesia,Food - Snacks,38,3288
71925538,Arte,Greasty,agreastygq@ox.ac.uk,Male,399-135-2289,Cametá,,Brazil,Clothing - Pants,68,3289
92001512,Dimitry,Ghidoli,dghidoligr@unesco.org,Male,697-177-6302,Jinshan,,China,Food - Spices,73,3297
122041727,Cecil,Mateuszczyk,cmateuszczykgs@cyberchimps.com,Male,126-548-4280,Shipka,,Bulgaria,Kitchen,39,3298
91903844,Beilul,Dessant,bdessantgt@mit.edu,Female,298-498-9964,Gambaru,,Nigeria,Food - Beverages,60,3298
307072278,Mayne,Yurenev,myurenevgu@patch.com,Male,346-843-2316,Bantal,,Indonesia,Food - Meat,33,3302
104000016,Alie,Levermore,alevermoregv@usda.gov,Female,853-417-8755,Maqia,,China,Art Supplies,34,3303
11302920,Olia,Pasek,opasekgw@baidu.com,Female,297-433-8572,Guamo,,Colombia,Gaming,42,3304
275071314,Jobey,Quincee,jquinceegx@businessinsider.com,Agender,944-563-7803,Shibīn al Kawm,,Egypt,Food - Deli,49,3312
91901202,Maurizia,Becket,mbecketgy@instagram.com,Female,456-213-3627,Bobowa,,Poland,Garden,41,3312
11600525,Olly,Escale,oescalegz@springer.com,Female,630-921-8499,Thomazeau,,Haiti,Smart Home,26,3313
71921697,Greg,Santore,gsantoreh0@furl.net,Male,726-860-1386,Smołdzino,,Poland,Pets,21,3316
81518333,Lilah,Oughton,loughtonh1@newyorker.com,Female,397-391-1578,Laohugang,,China,Food - Pasta,60,3321
122238912,Cherlyn,Lapwood,clapwoodh2@google.com.hk,Female,493-582-9875,Hongsung,,South Korea,Health,63,3323
42101404,Dione,Dwane,ddwaneh3@lulu.com,Female,813-935-9036,Nkoteng,,Cameroon,Health,54,3327
73917887,Daphne,Bednell,dbednellh4@shutterfly.com,Female,777-218-6498,Akim Swedru,,Ghana,Crafts,27,3327
63116410,Ulrike,Connaughton,uconnaughtonh5@symantec.com,Female,621-659-9772,Resende,Viseu,Portugal,Food - Salads,61,3331
322270262,Georgeanna,Eslinger,geslingerh6@yale.edu,Female,233-168-4906,Laoqiao,,China,Food - Bakery,64,3332
111903575,Othilie,Janacek,ojanacekh7@smugmug.com,Female,720-337-9923,Aykhal,,Russia,Food - Condiments,55,3333
31207911,Meyer,Yuill,myuillh8@samsung.com,Male,601-525-8808,Oslo,Oslo,Norway,Outdoor,19,3341
51904676,Willi,Castanares,wcastanaresh9@army.mil,Female,966-904-8543,Puncakwangi,,Indonesia,Health,57,3343
61104084,Livia,Sydney,lsydneyha@ifeng.com,Female,525-941-4733,Kawerau,,New Zealand,Clothing - Jumpsuits,58,3352
91301815,Roch,Iggo,riggohb@example.com,Female,248-701-0224,Farmington,Michigan,United States,Kitchen,68,3354
71107699,Marthe,Craiker,mcraikerhc@gizmodo.com,Female,994-175-3985,Al Qamşīyah,,Syria,Office,59,3354
211174233,Rebbecca,Timcke,rtimckehd@linkedin.com,Female,707-375-3002,Sukadana Selatan,,Indonesia,Food - Condiments,49,3358
41203811,Amelina,Rummings,arummingshe@free.fr,Genderfluid,621-800-6681,Mashizhai,,China,Food - Vegetables,31,3360
72402364,Katrina,Plott,kplotthf@nbcnews.com,Non-binary,198-183-2720,Ciriri,,Indonesia,Outdoor,67,3362
73901592,Hagan,Flintoft,hflintofthg@google.co.uk,Male,317-609-5481,Abnūb,,Egypt,Home,55,3362
75902065,Lynett,Cottell,lcottellhh@bluehost.com,Female,899-620-3505,San Diego,,Venezuela,Food - Snacks,36,3370
63106145,Andee,Upham,auphamhi@imdb.com,Female,719-859-1785,Mutatá,,Colombia,Food - Condiments,30,3382
53202130,Kristian,Stollenbecker,kstollenbeckerhj@nytimes.com,Male,919-137-3143,Xiabaishi,,China,Food - Bakery,49,3385
42104469,Phillip,Dillintone,pdillintonehk@parallels.com,Male,216-894-0305,Amsterdam Noord west,Provincie Noord-Holland,Netherlands,Kitchen,72,3386
101100540,Kimberlee,Gravett,kgravetthl@discovery.com,Polygender,865-526-0418,Knoxville,Tennessee,United States,Food - Breakfast,24,3388
84104621,Carlin,Ubach,cubachhm@sourceforge.net,Polygender,333-187-8208,Tlogoagung,,Indonesia,Fitness,73,3390
282970204,Juliette,Pirt,jpirthn@amazon.com,Female,904-816-4935,Gradizhsk,,Ukraine,Home,44,3393
104907960,Loni,Inman,linmanho@shutterfly.com,Polygender,483-384-6233,Lubenec,,Czech Republic,Food - Snacks,69,3395
112025342,Rodrigo,Dudeney,rdudeneyhp@cocolog-nifty.com,Male,799-930-8868,Suruhan,,Indonesia,Home,64,3400
122220849,Moyra,Deluce,mdelucehq@hhs.gov,Female,754-714-5080,Fort Lauderdale,Florida,United States,Garden,39,3404
231375290,Novelia,Stowell,nstowellhr@e-recht24.de,Female,324-543-7800,Beni Khiar,,Tunisia,Fitness,75,3408
82900995,Swen,O'Cullen,socullenhs@tuttocitta.it,Male,324-485-5371,Berbérati,,Central African Republic,Outdoor,20,3410
271970312,Bruce,Odam,bodamht@soundcloud.com,Male,523-689-2540,Antiguo Cuscatlán,,El Salvador,Health,64,3414
42204932,Tedra,Bedlington,tbedlingtonhu@harvard.edu,Female,750-921-7030,Dar Chabanne,,Tunisia,Food - Snacks,45,3415
226072375,Ofella,Blasdale,oblasdalehv@ucoz.com,Female,869-638-1357,Kaseda-shirakame,,Japan,Kitchen,51,3415
111901564,Carmine,Rieflin,crieflinhw@wired.com,Male,913-826-2919,Kansas City,Kansas,United States,Kitchen,20,3416
122239775,Tanner,Bemand,tbemandhx@fda.gov,Genderqueer,218-349-4870,Circasia,,Colombia,Home,47,3416
101102331,Amandi,Crystal,acrystalhy@jugem.jp,Female,732-206-2335,Santander,Cantabria,Spain,Food - Produce,19,3417
42215248,Leela,Traske,ltraskehz@i2i.jp,Female,346-983-3312,Ekerö,Stockholm,Sweden,Food - Meat,24,3418
22000127,Mikael,Ledeker,mledekeri0@fema.gov,Male,524-135-5769,Xuanzhou,,China,Clothing - Tops,27,3420
63114386,Tully,Carlick,tcarlicki1@dyndns.org,Male,256-193-9973,Huangludian,,China,Kitchen,42,3423
63116203,Alaine,Nortcliffe,anortcliffei2@hhs.gov,Polygender,286-631-2509,Gardinovci,,Serbia,Food - Condiments,20,3424
262287386,Abner,Penney,apenneyi3@usa.gov,Male,948-257-3350,Dugu,,China,Pets,59,3429
263190812,Georgianna,Wharram,gwharrami4@unesco.org,Female,447-973-4653,Porto Calvo,,Brazil,Food - Condiments,54,3431
82907736,Timmie,Tapner,ttapneri5@google.cn,Female,357-104-0813,Ocote Paulino,,Honduras,Storage,40,3431
51403041,Ashbey,Beedie,abeediei6@disqus.com,Male,128-988-5635,Xinfeng,,China,Clothing - Outerwear,44,3432
63114700,Eleen,Ventum,eventumi7@msu.edu,Female,911-502-0238,Houxixi,,China,Kitchen,53,3433
74909470,Gris,Gallihawk,ggallihawki8@cdc.gov,Male,484-576-4780,Xixiang,,China,Food - Condiments,33,3435
322070019,Joete,Tewelson,jtewelsoni9@dot.gov,Female,870-795-4390,Bürenhayrhan,,Mongolia,Food - Oils,72,3438
71923323,Clayborn,Reisenberg,creisenbergia@lulu.com,Male,885-931-9947,Hujia,,China,Kitchen,71,3441
64000101,Morie,Reynault,mreynaultib@kickstarter.com,Male,584-640-2283,Anton,,Bulgaria,Garden,50,3443
71902797,Gilbertina,Kassel,gkasselic@ameblo.jp,Female,334-615-7615,Zarechnyy,,Russia,Home,60,3443
65106680,Roddie,Richings,rrichingsid@digg.com,Male,944-655-2043,Fristad,Västra Götaland,Sweden,Food - Dairy,69,3445
91310929,Leyla,Salmond,lsalmondie@mozilla.com,Female,506-549-5618,Tullamore,,Ireland,Food - Condiments,36,3452
62202956,Randolf,Rosenfarb,rrosenfarbif@chronoengine.com,Male,216-228-0437,Medvedevo,,Russia,Outdoor,37,3452
21912410,Barnie,Huygens,bhuygensig@buzzfeed.com,Male,808-114-5269,Blagoveshchensk,,Russia,Food - Meats,21,3459
84008853,Cherish,Tovey,ctoveyih@usatoday.com,Non-binary,556-806-0050,Ghayl Bā Wazīr,,Yemen,Kitchen,65,3460
101206994,Lamont,Spadollini,lspadolliniii@goo.gl,Male,219-634-6402,Milanów,,Poland,Home,68,3463
65301605,Joceline,Westrey,jwestreyij@nationalgeographic.com,Female,501-515-6618,Digne-les-Bains,Provence-Alpes-Côte d'Azur,France,Fitness,73,3464
65405417,Herc,Hothersall,hhothersallik@topsy.com,Male,372-923-1335,Tevriz,,Russia,Food - Bakery,64,3464
53207122,Gayel,Risbrough,grisbroughil@sitemeter.com,Female,726-720-6631,Catarman,,Philippines,Tools,55,3468
111304093,Darda,Suthworth,dsuthworthim@canalblog.com,Female,962-898-3512,Mojimán,,Honduras,Wearable Tech,70,3470
61201673,Allis,Chaperlin,achaperlinin@blogspot.com,Female,108-830-1175,Gaoleshan,,China,Home,24,3471
53112385,Lidia,Craft,lcraftio@chronoengine.com,Female,954-999-5439,Methven,,New Zealand,Food - Frozen Meals,45,3471
226070856,Yard,Elsip,yelsipip@bluehost.com,Genderqueer,695-274-1442,Shengze,,China,Food - Snacks,31,3480
42204932,Grant,Nabarro,gnabarroiq@dropbox.com,Male,273-557-2022,Garça,,Brazil,Food - Produce,20,3485
75902735,Karoline,Rayment,kraymentir@ted.com,Genderqueer,326-773-5390,Maroua,,Cameroon,Food - Frozen Meals,61,3490
102189285,Hall,Jahan,hjahanis@soundcloud.com,Male,405-409-7961,Taroudant,,Morocco,Kitchen,62,3490
43316256,Carmelle,Shurrocks,cshurrocksit@exblog.jp,Agender,321-898-9682,Svay Rieng,,Cambodia,Accessories,48,3492
81517981,Renault,Canadas,rcanadasiu@instagram.com,Male,955-586-1996,Zabrat,,Azerbaijan,Food - Bakery,43,3493
104111769,Tommie,Vennart,tvennartiv@spotify.com,Male,121-553-2303,Yangiyŭl,,Uzbekistan,Food - Frozen,68,3499
72402788,Maribelle,Siggers,msiggersiw@multiply.com,Female,765-172-5591,Grande Rivière Noire,,Mauritius,Home,45,3499
61019742,Nat,Fransewich,nfransewichix@boston.com,Female,694-772-8194,Wan Yai,,Thailand,Food - Prepared Foods,47,3501
104901717,Christie,Lampart,clampartiy@noaa.gov,Male,216-542-8358,Wilczyce,,Poland,Sports,75,3508
101100922,Rafael,Kelby,rkelbyiz@who.int,Male,746-606-9204,Wenjī,,Ethiopia,Food - Frozen Foods,42,3508
81914775,Janaye,Cianelli,jcianellij0@e-recht24.de,Female,841-554-8231,Tantou,,China,Fitness,35,3513
73909578,Hewie,Syncke,hsynckej1@github.com,Polygender,176-104-0071,Pombos,,Brazil,Food - Snacks,66,3513
104901911,Saunder,Anthill,santhillj2@behance.net,Male,800-735-2975,Federal,,Argentina,Food - Baking Goods,55,3515
113105449,Allayne,Timcke,atimckej3@themeforest.net,Male,102-978-6409,Padre Bernardo,,Brazil,Accessories,52,3522
104110113,Evanne,Wordesworth,ewordesworthj4@shinystat.com,Female,644-573-4539,Sydney,New South Wales,Australia,Food - Prepared Meals,41,3528
113113868,Lauren,Jakuszewski,ljakuszewskij5@paypal.com,Female,802-846-5533,Panamá,,Panama,Outdoor,31,3529
53111988,Juliana,Paradyce,jparadycej6@rakuten.co.jp,Female,554-643-5250,Fengshan,,China,Outdoor,23,3535
271071402,Jane,Champkin,jchampkinj7@europa.eu,Female,528-178-0559,20 de Noviembre,Veracruz Llave,Mexico,Food - Cooking Oil,63,3535
101207773,Lloyd,Joinsey,ljoinseyj8@google.de,Male,588-769-1609,Veřovice,,Czech Republic,Food - Prepared Meals,63,3536
65103625,Skell,Teulier,steulierj9@nationalgeographic.com,Male,208-409-9310,Sadkowice,,Poland,Kitchen,70,3538
226072647,Rollo,Rotge,rrotgeja@china.com.cn,Male,560-762-3124,Bromma,Stockholm,Sweden,Food - Pasta,36,3539
104000016,Barthel,Errett,berrettjb@upenn.edu,Male,475-119-8614,Pukou,,China,Accessories,52,3545
111907694,Merola,Gabey,mgabeyjc@cdc.gov,Female,687-890-7427,Jagodina,,Serbia,Food - Dairy,69,3547
311981562,Quentin,Elcox,qelcoxjd@blinklist.com,Male,202-422-5965,Qing’an,,China,Home Improvement,69,3548
83901100,Clemens,Wintle,cwintleje@cbsnews.com,Male,858-525-0859,Ruilin,,China,Outdoor,51,3556
81221497,Brook,Bewshire,bbewshirejf@apple.com,Genderfluid,656-621-3266,Suka Makmue,,Indonesia,Home,47,3562
61206432,Betsy,Ludwikiewicz,bludwikiewiczjg@com.com,Female,414-563-5676,Skawica,,Poland,Food - Meat,22,3563
71902629,Maren,O'Tierney,motierneyjh@sakura.ne.jp,Female,578-901-7159,Marisol,Setúbal,Portugal,Food - Frozen Meals,25,3566
121042882,Yettie,Tyer,ytyerji@jiathis.com,Female,562-303-9587,La Tinguiña,,Peru,Art Supplies,23,3566
101104355,Arney,Lorrain,alorrainjj@yolasite.com,Male,268-565-9863,Fryanovo,,Russia,Food - Spices,45,3572
71126764,Mickie,Banaszkiewicz,mbanaszkiewiczjk@networksolutions.com,Male,582-367-8151,Leipzig,Sachsen,Germany,Pets,28,3573
81503380,Garold,Evennett,gevennettjl@vinaora.com,Male,216-277-7821,Taihua,,China,Food - Condiments,67,3577
64202255,Ingrim,McSweeney,imcsweeneyjm@slashdot.org,Male,260-734-8318,Lanyi,,China,Pets,57,3580
211870812,Selia,Foale,sfoalejn@yandex.ru,Female,553-225-9400,São Pedro de Trafaria,Setúbal,Portugal,Electronics,54,3588
122238543,Gareth,Lampard,glampardjo@pagesperso-orange.fr,Male,465-276-4557,Faleula,,Samoa,Food - Dairy Alternatives,69,3589
103108605,Valma,Vigne,vvignejp@miibeian.gov.cn,Female,252-668-4253,Filipstad,Värmland,Sweden,Clothing - Footwear,70,3591
262287386,Clarine,Oakhill,coakhilljq@wisc.edu,Female,652-560-3836,Colonia Wanda,,Argentina,Electronics,43,3598
121142517,Dedra,Redhills,dredhillsjr@meetup.com,Female,320-902-7621,Santa Eulália,Braga,Portugal,Food - Desserts,69,3599
114921172,Farrand,Marcinkowski,fmarcinkowskijs@yellowpages.com,Female,690-681-2467,Nankengzi,,China,Food - Oils & Vinegars,35,3605
83901744,Reagen,Langsbury,rlangsburyjt@hp.com,Male,754-565-8964,Talisayan,,Philippines,Fitness,39,3607
91407793,Bond,Izzat,bizzatju@yelp.com,Genderqueer,273-272-7638,Havířov,,Czech Republic,Clothing - Jumpsuits,35,3607
101217514,Erl,Fuzzens,efuzzensjv@china.com.cn,Bigender,110-890-3797,Itaparica,,Brazil,Kitchen,66,3612
73921187,Kristo,Denzilow,kdenzilowjw@sohu.com,Male,340-123-2858,El Nido,,Philippines,Kitchen,56,3614
82906258,Carolin,Mannock,cmannockjx@telegraph.co.uk,Female,316-242-2723,Veisiejai,,Lithuania,Food - Frozen Food,23,3615
92900383,Liva,Park,lparkjy@smh.com.au,Female,505-763-2245,Iguatu,,Brazil,Audio,43,3621
111900659,Barri,Courcey,bcourceyjz@ycombinator.com,Male,526-156-1142,Palmares,,Brazil,Clothing - Accessories,22,3623
72407123,Teddie,Mosedale,tmosedalek0@cpanel.net,Male,552-833-3648,Radostowice,,Poland,Food - Frozen,19,3626
121135773,Jedd,Wreford,jwrefordk1@imgur.com,Male,413-305-7113,Springfield,Massachusetts,United States,Clothing - Activewear,44,3628
263290220,Flin,Stoodley,fstoodleyk2@princeton.edu,Male,297-495-9404,Sundsvall,Västernorrland,Sweden,Food - Oils,22,3631
81503490,Vita,Maliphant,vmaliphantk3@ucoz.com,Female,371-502-3073,Anjozorobe,,Madagascar,Food - Meat,39,3632
42102555,Kelsi,Panketh,kpankethk4@guardian.co.uk,Female,851-998-2618,Cikulahan,,Indonesia,Food - Bakery,39,3635
61119477,Mina,Moles,mmolesk5@blogtalkradio.com,Female,186-251-8811,Stockholm,Stockholm,Sweden,Food - Dairy,28,3636
63109935,Cissy,Jestico,cjesticok6@about.com,Female,368-789-2986,Pilar do Sul,,Brazil,Kitchen,39,3641
101100045,Rhys,Joiris,rjoirisk7@about.com,Male,647-647-6190,Makui,,Indonesia,Food - Condiments,73,3645
81200544,Eleni,Iremonger,eiremongerk8@creativecommons.org,Female,946-891-7713,Camasca,,Honduras,Kitchen,25,3654
125107532,Son,Elia,seliak9@umn.edu,Male,873-714-3173,Thiais,Île-de-France,France,Food - Produce,25,3658
75903983,Debbie,O'Hearn,dohearnka@ycombinator.com,Female,839-551-7644,Barice,,Bosnia and Herzegovina,Pets,34,3662
102301241,Andee,Tompkiss,atompkisskb@jigsy.com,Female,310-714-8655,Garden Grove,California,United States,Clothing - Accessories,47,3670
61119817,Michelina,McRill,mmcrillkc@cornell.edu,Female,986-135-1935,Nizao,,Dominican Republic,Food - Dairy,30,3672
55001384,Caro,Trewinnard,ctrewinnardkd@xrea.com,Female,571-936-5834,São Paio Merelim,Braga,Portugal,Home,64,3672
91400758,Lion,Swain,lswainke@1688.com,Male,754-753-5652,Al ‘Aqabah,,Yemen,Outdoor,51,3674
42107068,Izaak,Hatherill,ihatherillkf@homestead.com,Male,665-997-1994,Jintang,,China,Bathroom,57,3680
271071004,Shawnee,Tolcharde,stolchardekg@nymag.com,Female,875-202-1660,El Coco,,Panama,Toys,18,3680
62001209,Galina,Gannicott,ggannicottkh@wikimedia.org,Female,171-174-5911,Bay-ang,,Philippines,Clothing - Tops,61,3681
122402324,Salomon,Grewe,sgreweki@hibu.com,Male,545-387-0700,Puncan,,Philippines,Sports,38,3681
64103079,Burton,Philipp,bphilippkj@cafepress.com,Male,926-348-4141,Wushan,,China,Kitchen,43,3682
82000109,Neel,Dyball,ndyballkk@yahoo.co.jp,Male,963-847-8791,Kassel,Hessen,Germany,Food - Baking,29,3690
255072935,Thomasa,Symon,tsymonkl@ezinearticles.com,Female,972-665-6650,Anju,,China,Wearable Tech,58,3694
53908081,Nesta,Coch,ncochkm@marriott.com,Polygender,464-220-6378,Toyooka,,Japan,Food - Snacks,35,3697
65404418,Leila,Menlove,lmenlovekn@newyorker.com,Female,304-676-7018,Huangascar,,Peru,Health,43,3699
101102658,Mame,Seagrove,mseagroveko@phpbb.com,Agender,464-509-2416,Paraguaçu,,Brazil,Food - Frozen Foods,35,3702
101001089,Maiga,Sarton,msartonkp@ox.ac.uk,Female,181-151-2385,Jovim,Porto,Portugal,Food - Dairy,34,3703
107002846,Gabbey,Troppmann,gtroppmannkq@va.gov,Female,410-555-2229,Paris 01,Île-de-France,France,Food - Bakery,58,3706
41202540,Gerty,Croose,gcroosekr@census.gov,Female,388-270-4778,Conchal,,Brazil,Fitness,56,3711
84000084,Godiva,D'Ugo,gdugoks@goo.gl,Genderfluid,688-561-3780,Encontrados,,Venezuela,Sports,27,3716
81074505,Walliw,Busby,wbusbykt@spotify.com,Female,219-853-7640,Manjo,,Cameroon,Food - Frozen,73,3717
67008579,Sigfrid,Gilhouley,sgilhouleyku@com.com,Male,309-519-0255,Glubokiy,,Russia,Food - Grains,71,3718
111914849,Rickert,Haslin,rhaslinkv@statcounter.com,Male,716-224-7654,Tyazhinskiy,,Russia,Kitchen,59,3718
71102322,Georgy,Liston,glistonkw@surveymonkey.com,Male,761-443-4288,Masape,,Indonesia,Clothing - Outerwear,40,3719
75909660,Bertram,Brand,bbrandkx@ocn.ne.jp,Male,974-458-8704,Izingolweni,,South Africa,Food - Seafood,28,3727
53201186,Wilma,Wiseman,wwisemanky@mapquest.com,Female,107-155-5916,Moriki,,Nigeria,Food - Meat,44,3732
63114548,Linette,Dunne,ldunnekz@fda.gov,Female,843-624-8133,Quemú Quemú,,Argentina,Food - Beverages,71,3737
325180414,Sephira,Hugonet,shugonetl0@jalbum.net,Polygender,346-325-4276,Daixi,,China,Food - Condiments,49,3743
64003962,Keary,Djekic,kdjekicl1@dion.ne.jp,Male,756-706-2503,Paris 08,Île-de-France,France,Kitchen,31,3107
221970443,Zeke,Bugby,zbugbyl2@bbb.org,Non-binary,352-647-3997,Compiègne,Picardie,France,Clothing - Activewear,31,3675
256072701,Sena,Trippack,strippackl3@utexas.edu,Female,173-614-3196,Shangqiu,,China,Clothing - Outerwear,32,3251
114000721,Hermy,Scargill,hscargilll4@trellian.com,Male,567-610-3845,Yitulihe,,China,Beauty,74,2193
114000019,Burlie,Padmore,bpadmorel5@state.gov,Male,259-859-9917,Sarreguemines,Lorraine,France,Food - Marinades,32,3171
124000737,Leonidas,Sturr,lsturrl6@sina.com.cn,Male,845-857-7089,Nekhayevskiy,,Russia,Food - Beverages,31,2186
42208006,Waverly,Apperley,wapperleyl7@biglobe.ne.jp,Male,132-774-0478,Tashla,,Russia,Kitchen,72,3478
91807254,Stefan,Turfin,sturfinl8@oracle.com,Male,759-334-6552,Briceni,,Moldova,Food - Snacks,28,2387
221270347,Roseann,Sawday,rsawdayl9@census.gov,Female,134-394-3262,Eisen,,South Korea,Food - Deli Meats,71,1550
122243321,Emmye,Gepp,egeppla@ucoz.com,Female,571-943-3393,Guantou,,China,Food - Frozen Desserts,30,1696
101113676,Aldus,Spincke,aspinckelb@imdb.com,Male,427-952-8481,Beloye,,Russia,Food - Canned Goods,24,2425
81514829,Maegan,Fellis,mfellislc@mysql.com,Female,502-183-0670,Melaka,Melaka,Malaysia,Food - Frozen,72,4031
111917383,Ashlen,Weatherell,aweatherellld@xing.com,Female,136-784-8589,Warung Wetan,,Indonesia,Home,36,3316
72413706,Farr,O'Hagan,fohaganle@si.edu,Male,657-971-0812,Kunshan,,China,Food - Prepared Foods,53,1717
231374961,Enrica,d'Arcy,edarcylf@comsenz.com,Female,714-329-7962,Wubao,,China,Travel,75,1804
103103600,Maxy,Leming,mleminglg@hhs.gov,Male,278-928-8892,Seleuš,,Serbia,Food - Salads,61,3540
264172156,Brod,Gibbins,bgibbinslh@pcworld.com,Male,199-788-4571,Ngroto,,Indonesia,Fitness,74,3314
51405450,Lianne,Hailes,lhailesli@sogou.com,Female,762-327-5113,Tignapalan,,Philippines,Food - Breakfast,30,3782
102104600,Myrle,Henrys,mhenryslj@tamu.edu,Female,136-671-5732,Huatai,,China,Food - Condiments,25,2849
211073499,August,Oxenford,aoxenfordlk@marriott.com,Male,315-801-0150,Rochester,New York,United States,Food - Snacks,72,4356
91302597,Shandy,Cruz,scruzll@cocolog-nifty.com,Female,147-378-3181,Daga,,Bhutan,Office,34,2451
31100089,Cyrill,Everil,ceverillm@yolasite.com,Male,172-665-6380,Suresnes,Île-de-France,France,Food - Snacks,51,4060
104000029,Heda,O'Shiels,hoshielsln@psu.edu,Female,584-983-1009,Zaklików,,Poland,Food - Frozen,68,3750
125107875,Carrissa,Hoxey,choxeylo@yelp.com,Female,806-392-1374,Sainte-Marthe-sur-le-Lac,Québec,Canada,Outdoor,48,3740
231271404,Zacherie,Tarbin,ztarbinlp@wordpress.org,Male,505-760-9781,Colombo,,Sri Lanka,Food - Frozen Foods,65,2265
26013165,Rose,Duckerin,rduckerinlq@globo.com,Female,855-559-0113,Fumin,,China,Art Supplies,20,1542
211070175,Roselia,Dumbarton,rdumbartonlr@ycombinator.com,Female,458-384-4011,El Retén,,Colombia,Clothing - Dresses,73,3507
271973937,Tiphanie,Choke,tchokels@blinklist.com,Non-binary,400-994-6203,Welibo,,Indonesia,Kitchen,40,1779
41000153,Denni,Kynett,dkynettlt@jugem.jp,Female,601-643-5535,Xinjian,,China,Food - Snacks,42,2671
91311135,Jefferson,Swatman,jswatmanlu@sun.com,Male,786-929-2641,Cabreúva,,Brazil,Food - Frozen Foods,30,2979
121042882,Laurianne,Keningley,lkeningleylv@vk.com,Female,859-929-9866,Helang,,China,Food - Seafood,55,2680
51008996,Charisse,Mercik,cmerciklw@blog.com,Agender,118-338-5979,Polel Diaoubé,,Senegal,Food - Meat & Seafood,72,2976
64109073,Alexine,Thickett,athickettlx@cargocollective.com,Female,596-243-2200,Deh-e Now,,Afghanistan,Clothing - Dresses,30,2575
103112125,Dael,Le Count,dlecountly@youtube.com,Male,494-209-3791,Bulu,,Philippines,Food - Canned Goods,44,3080
65302358,Grove,Frostdick,gfrostdicklz@ft.com,Male,952-224-6424,Shanghang,,China,Fitness,62,3001
123206778,Eugen,Dalwood,edalwoodm0@sitemeter.com,Male,592-910-5334,Kadujangkung,,Indonesia,Toys,35,1743
113101773,Robinette,Iglesias,riglesiasm1@macromedia.com,Female,612-915-9422,Yuta,,Palestinian Territory,Food - Canned Goods,30,2744
44206475,Clarisse,Goodinge,cgoodingem2@mozilla.com,Female,124-774-8644,Huiwen,,China,Accessories,24,4259
92900833,Danila,Clair,dclairm3@psu.edu,Female,808-433-1869,Honolulu,Hawaii,United States,Clothing - Dresses,28,1879
52000618,Engracia,Clavey,eclaveym4@instagram.com,Female,381-362-7217,Manggissari,,Indonesia,Health,62,4497
111313479,Michail,Yeulet,myeuletm5@dmoz.org,Male,719-957-4702,Nghĩa Hành,,Vietnam,Office,37,2694
267091221,Cicily,Dimitrie,cdimitriem6@twitpic.com,Female,457-500-5377,Hengjian,,China,Food - Grains,46,1550
101100540,Marybeth,Van der Brugge,mvanderbruggem7@cocolog-nifty.com,Female,314-557-4452,Pringsewu,,Indonesia,Food - Frozen Meals,49,3158
274970186,Zackariah,Paolacci,zpaolaccim8@theguardian.com,Male,450-616-6306,Xufu,,China,Food - Breakfast,24,2691
103112345,Shelbi,Ingleby,singlebym9@hibu.com,Female,137-743-8583,Susaki,,Japan,Food - Sauces,34,2511
91911551,Magdalene,Matton,mmattonma@plala.or.jp,Female,849-205-2910,Gondang,,Indonesia,Food - Meal Kits,49,4220
101114277,Halimeda,Janeway,hjanewaymb@army.mil,Female,487-483-7627,Kuwumkumambal,,Indonesia,Books,71,1668
321170444,Aymer,Spread,aspreadmc@list-manage.com,Male,260-646-2938,Nianba,,China,Food - Condiments,45,2906
64208301,Sherwynd,Hugonet,shugonetmd@github.io,Male,356-501-1199,Xinxiang,,China,Food - Produce,27,2413
301171230,Roxanna,Callaway,rcallawayme@patch.com,Female,929-321-5782,Tầm Vu,,Vietnam,Food - Baking & Cooking,72,4148
53274139,Monique,Cabedo,mcabedomf@wordpress.com,Female,158-501-2864,Wanurian,,Indonesia,Food - Condiments,37,2155
22000839,Eadmund,Dalgarnocht,edalgarnochtmg@loc.gov,Male,935-162-6538,Gavea,,Brazil,Food - Dips,74,3324
26073079,Janenna,Brazenor,jbrazenormh@java.com,Female,176-272-1376,Eaubonne,Île-de-France,France,Home,52,3965
84202442,Jo ann,Colton,jcoltonmi@ask.com,Female,469-792-1045,Barreiro,Viana do Castelo,Portugal,Clothing - Footwear,52,3730
103104764,Flemming,Saffle,fsafflemj@cbc.ca,Male,363-608-1419,Prado Siongco,,Philippines,Beauty,33,1606
242074425,Lisette,Harman,lharmanmk@bing.com,Female,690-164-8671,Al Karmil,,Palestinian Territory,Pets,25,2133
124103896,Jodie,Chown,jchownml@japanpost.jp,Male,316-682-8154,Urachiche,,Venezuela,Kitchen,35,2417
67006238,Benji,Pavinese,bpavinesemm@usnews.com,Genderqueer,211-569-2800,Dicun,,China,Accessories,32,3282
83907324,Lion,Dutteridge,ldutteridgemn@theglobeandmail.com,Male,604-657-8659,Bauchi,,Nigeria,Crafts,66,2648
104108691,Umeko,Goodbody,ugoodbodymo@slideshare.net,Female,957-963-2542,Bakung Utara,,Indonesia,Food - Frozen Food,43,1773
113116386,Adrian,Houseman,ahousemanmp@symantec.com,Male,984-676-6114,Ilovlya,,Russia,Furniture,66,3270
107005254,Dionis,Robardley,drobardleymq@nationalgeographic.com,Female,267-373-4876,Ginir,,Ethiopia,Food - Spices,37,2619
21001486,Sheree,Reddle,sreddlemr@ftc.gov,Female,638-965-5812,Izumi,,Japan,Food - Condiments,53,2969
84201139,Robin,Elcoux,relcouxms@flavors.me,Female,754-703-0531,Kukuna,,Sierra Leone,Pets,69,3994
91911797,Luis,Habbeshaw,lhabbeshawmt@cmu.edu,Male,637-631-5272,Suresnes,Île-de-France,France,Smart Home,57,3490
74903308,Cassaundra,Gudeman,cgudemanmu@princeton.edu,Female,430-290-9348,Zelenodolsk,,Russia,Outdoor,66,2207
63112906,Garvey,Groveham,ggrovehammv@hibu.com,Male,690-439-5725,Vitória,,Brazil,Food - Dairy,32,1780
62203706,Cammy,Dornin,cdorninmw@cargocollective.com,Male,999-888-9765,Xinmatou,,China,Electronics,39,1659
81304615,Claudetta,Delacour,cdelacourmx@ucsd.edu,Female,614-395-0767,Pedro Carbo,,Ecuador,Garden,69,2338
111907348,Lelia,Gabbitus,lgabbitusmy@istockphoto.com,Female,989-728-7598,Ochobo,,Nigeria,Office,47,3163
11601074,Demeter,Convery,dconverymz@imgur.com,Female,673-932-1465,Jabłonka,,Poland,Kitchen,22,3133
121139122,Gil,Jurczak,gjurczakn0@so-net.ne.jp,Male,790-234-9984,Neftobod,,Tajikistan,Tools,73,2087
123171955,Nicki,Allston,nallstonn1@digg.com,Female,294-758-7362,Chengxiang,,China,Food - Sides,39,3584
123002011,Constanta,Starking,cstarkingn2@google.cn,Female,347-206-9276,Radzyń Chełmiński,,Poland,Home,34,4000
84074395,Clarice,Adamec,cadamecn3@census.gov,Female,868-275-4439,Itinga,,Brazil,Pets,34,1643
113093849,Axel,Salerg,asalergn4@state.gov,Male,832-263-7223,Lavaltrie,Québec,Canada,Gaming,63,1634
322078804,Jaine,Tolworthy,jtolworthyn5@google.com.br,Female,547-483-3126,Daminggong,,China,Bicycles,28,3392
122037841,Toinette,Damrell,tdamrelln6@altervista.org,Female,847-728-3135,Santo Amaro,Guarda,Portugal,Food - Condiments,53,1648
122203248,Domenico,Ianson,diansonn7@tumblr.com,Male,325-201-2998,Sernovodsk,,Russia,Food - Beverages,74,4316
61101375,Tarrah,Sirette,tsiretten8@youku.com,Non-binary,202-367-7369,Daleman,,Indonesia,Tools,68,4157
311972652,Babara,Cammoile,bcammoilen9@jugem.jp,Female,770-120-7108,Nossa Senhora da Glória,,Brazil,Garden,67,3624
121135087,Caldwell,Artingstall,cartingstallna@desdev.cn,Male,194-194-5483,Pyshchug,,Russia,Pets,32,3479
11302357,Eben,Hedde,eheddenb@liveinternet.ru,Male,292-830-4817,Desnogorsk,,Russia,Food - Baking,58,1667
71921794,Erinna,Harbord,eharbordnc@princeton.edu,Female,553-863-1642,Dem’yanovo,,Russia,Beauty,64,3589
66010351,Tricia,Mayall,tmayallnd@hhs.gov,Female,306-754-0135,Taloqan,,Afghanistan,Food - Pasta,44,1910
65300279,Ichabod,Libermore,ilibermorene@slate.com,Male,637-943-7627,Jaboatão,,Brazil,Home,54,4469
31201360,Brigham,Mursell,bmursellnf@ucoz.com,Male,936-615-6815,Saltsjö-Boo,Stockholm,Sweden,Accessories,39,3555
81205112,Wilburt,Spaducci,wspaduccing@themeforest.net,Male,378-658-7322,Sallanches,Rhône-Alpes,France,Food - Baking,70,3772
64108605,Pen,Braffington,pbraffingtonnh@163.com,Polygender,871-910-8805,Dzikowiec,,Poland,Food - Produce,72,4204
321175180,Des,Youde,dyoudeni@pcworld.com,Male,693-673-7158,Bangkal,,Indonesia,Tools,24,2229
272471551,Libby,Zimmer,lzimmernj@nifty.com,Female,541-605-8789,Nanaimo,British Columbia,Canada,Home,37,4333
11201380,Alice,Haycox,ahaycoxnk@seesaa.net,Female,860-292-3389,Chezhan,,China,Travel,65,3026
62202697,Madelyn,Callum,mcallumnl@prlog.org,Female,633-349-2678,Del Pilar,,Philippines,Food - Breakfast,24,3860
42101190,Emmaline,Varvara,evarvaranm@mapquest.com,Female,435-885-2429,Sanrao,,China,Clothing - Footwear,34,2269
51403041,Vannie,Schuck,vschucknn@amazonaws.com,Female,849-553-8278,Sever do Vouga,Aveiro,Portugal,Clothing - Tops,66,3496
64102436,Gian,Whyte,gwhyteno@example.com,Male,104-272-9194,Jiumen,,China,Food - Snacks,47,3826
74900194,Thoma,Boyles,tboylesnp@wikispaces.com,Male,823-408-2542,Leninskiy,,Russia,Accessories,30,3094
101102331,Jo ann,Southby,jsouthbynq@elpais.com,Female,745-779-8519,Niort,Poitou-Charentes,France,Food - Baking,50,3253
81514829,Caitlin,Drewry,cdrewrynr@networkadvertising.org,Female,200-657-1292,Ciranca Satu,,Indonesia,Food - Dairy Alternatives,72,2277
55001122,Tasha,Girardot,tgirardotns@wikispaces.com,Female,350-531-6657,Werangere,,Indonesia,Audio,20,3267
113106833,Sylvia,O'Donovan,sodonovannt@tuttocitta.it,Female,221-796-2278,Dingshan,,China,Accessories,41,3420
91904018,Alejandrina,Keggin,akegginnu@aol.com,Female,128-340-0373,Dabagou,,China,Food - Vegetables,33,4006
113000939,Karisa,Nuscha,knuschanv@accuweather.com,Female,579-948-6727,Santa Rosa,,Ecuador,Baby,56,1582
121200158,Bradly,Swadling,bswadlingnw@boston.com,Male,187-943-4009,Itarana,,Brazil,Food - Snacks,62,2924
74912645,Milt,Asbery,masberynx@addthis.com,Male,784-354-7987,Bang Mun Nak,,Thailand,Food - Vegetables,31,3182
107001672,Israel,Shacklady,ishackladyny@techcrunch.com,Male,157-196-6094,Talmest,,Morocco,Pets,23,2449
107003829,Hedwig,Mc Harg,hmchargnz@nationalgeographic.com,Female,606-327-1801,Bangunsari,,Indonesia,Fitness,72,1787
121141819,Zeb,Hibbart,zhibbarto0@salon.com,Male,550-498-3225,Kourou,Guyane,French Guiana,Food - Snacks,24,2572
114917319,Padget,Merkel,pmerkelo1@intel.com,Male,360-561-7718,Anuradhapura,,Sri Lanka,Food - Breakfast,39,2960
122243208,Emilia,Chettle,echettleo2@ed.gov,Female,727-787-1950,Saint Petersburg,Florida,United States,Toys,48,1613
61103357,Caritta,Lund,clundo3@utexas.edu,Genderqueer,346-941-6058,La Huerta,Mexico,Mexico,Food - Meal Kits,39,3904
101101866,Culley,Verzey,cverzeyo4@census.gov,Male,212-279-2100,Kattaqo’rg’on,,Uzbekistan,Food - Snacks,46,1719
113110780,Amata,Oliveto,aolivetoo5@jalbum.net,Female,790-570-2570,Sampacho,,Argentina,Fitness,66,2541
122087590,Charity,Josey,cjoseyo6@tinypic.com,Female,594-985-1731,Lüxiang,,China,Footwear,39,1658
122101706,Ciro,Blankett,cblanketto7@ask.com,Male,848-792-5843,Shiwan,,China,Food - Meat,53,2387
44115760,Ezechiel,Realff,erealffo8@nba.com,Male,294-806-5595,Lantian,,China,Garden,40,2032
91408446,Doralin,Bollum,dbollumo9@blogtalkradio.com,Female,708-629-7372,Tajrīsh,,Iran,Outdoor,68,3522
111923898,Bertine,Dyhouse,bdyhouseoa@phoca.cz,Bigender,392-659-6285,Usquil,,Peru,Food - Condiments,28,2916
291471134,Kliment,Hobble,khobbleob@lycos.com,Male,535-415-2622,Vidin,,Bulgaria,Food - Beverages,55,2485
82901907,Henriette,Fayre,hfayreoc@spiegel.de,Female,573-196-2413,Thorold,Ontario,Canada,Food - Snacks,63,3721
53103637,Emily,Roscrigg,eroscriggod@123-reg.co.uk,Female,246-566-6401,Shufeng,,China,Pets,70,4478
101115001,Deva,Boyd,dboydoe@wordpress.com,Female,825-498-2190,Campoalegre,,Colombia,Electronics,30,2990
63115521,Leigh,Watting,lwattingof@toplist.cz,Female,779-175-0442,Xidoupu,,China,Outdoor,70,3712
122240010,Tori,Biskupski,tbiskupskiog@vkontakte.ru,Female,200-643-3650,Sete Lagoas,,Brazil,Pets,54,3275
114000718,Adolf,Bruntjen,abruntjenoh@blogs.com,Male,897-285-5652,Bintuni,,Indonesia,Office,20,4338
243073852,Lanie,Ridel,lrideloi@redcross.org,Female,529-886-6068,Los Rastrojos,,Venezuela,Food - Salads,29,2091
91911001,Verena,Denisovich,vdenisovichoj@clickbank.net,Female,746-335-7190,Casigua El Cubo,,Venezuela,Home,21,2774
114916019,Gardy,Suller,gsullerok@mit.edu,Male,938-301-0873,Xiaoxiang,,China,Kitchen,68,3688
111908143,Reina,Sellstrom,rsellstromol@macromedia.com,Female,949-609-8899,Pampierstad,,South Africa,Food - Condiments,70,4332
111322570,Timmie,Heinssen,theinssenom@about.me,Male,423-321-6127,Pom Prap Sattru Phai,,Thailand,Accessories,52,2533
221371246,Cully,Thrower,cthroweron@aboutads.info,Male,598-964-2521,Moglicë,,Albania,Food - Baking,46,2327
101001089,Carey,MacBean,cmacbeanoo@chronoengine.com,Female,450-732-2581,Ingarö,Stockholm,Sweden,Baby,65,3579
113125380,Dorri,Petzolt,dpetzoltop@blogger.com,Female,756-525-9476,Xiping,,China,Food - Beverages,64,3302
101000967,Alysia,Loveguard,aloveguardoq@bloglines.com,Female,739-785-0517,La Labor,,Honduras,Food - Baking,30,2255
61205255,Xymenes,Yockney,xyockneyor@uiuc.edu,Male,273-146-8540,Gjøvik,Oppland,Norway,Pets,65,2350
122242924,Claudia,Gouth,cgouthos@moonfruit.com,Female,168-900-1017,Emiliano Zapata,Oaxaca,Mexico,Food - Grains,39,2665
43300712,Clemmie,Swann,cswannot@vk.com,Agender,793-888-3066,Alamar,,Cuba,Clothing - Jumpsuits,63,1621
102301911,Damian,O'Feeney,dofeeneyou@t-online.de,Male,734-493-2932,Yingtou,,China,Food - Dairy Alternatives,30,4408
82904027,Farrand,Adamovicz,fadamoviczov@blogspot.com,Female,264-835-1095,Emiliano Zapata,Morelos,Mexico,Food - Frozen Meals,43,3338
114921622,Anton,Drinan,adrinanow@ebay.com,Male,933-468-3347,Zgornje Bitnje,,Slovenia,Home Improvement,44,4144
63107623,Adelaide,Pleass,apleassox@domainmarket.com,Female,937-319-0384,Chongxian,,China,Home,57,3491
63114742,Delmore,Tunesi,dtunesioy@etsy.com,Male,484-962-3345,Anju,,China,Outdoor,40,2874
71909046,Benjamin,Elbourne,belbourneoz@discovery.com,Male,663-645-5232,Kigali,,Rwanda,Food - Dairy,29,3726
83912393,Averyl,Pardue,aparduep0@com.com,Female,518-512-3683,Sukaraja,,Indonesia,Food - Fresh Produce,35,2729
111300945,Rebeka,Ditts,rdittsp1@free.fr,Female,850-880-0338,Kakegawa,,Japan,Food - Vegetarian,49,1820
71903136,Armand,Colby,acolbyp2@tuttocitta.it,Male,720-405-8592,Asbestos,Québec,Canada,Books,47,3687
122239322,Missie,Woffinden,mwoffindenp3@shutterfly.com,Female,926-777-5069,Registro,,Brazil,Kitchen,64,2034
111906271,Arly,Starten,astartenp4@webnode.com,Female,701-509-2990,Osielec,,Poland,Food - Breakfast Foods,35,4238
74000065,Massimo,Witter,mwitterp5@elegantthemes.com,Male,560-647-8521,Santo Tomé,,Argentina,Outdoor,67,2329
11305749,Cullen,Budd,cbuddp6@smugmug.com,Male,963-526-4371,Huyuan,,China,Home,28,1892
111302545,Gayel,Stollmeyer,gstollmeyerp7@marriott.com,Female,208-116-4828,Xizhong,,China,Outdoor,29,2251
67015973,Jilly,Watts,jwattsp8@unicef.org,Female,606-176-0331,Tô Hạp,,Vietnam,Food - Dairy Alternatives,72,2478
51404600,Clara,Barwood,cbarwoodp9@cbsnews.com,Female,468-385-2052,Abucay,,Philippines,Food - Produce,41,3963
41000153,Lev,Blow,lblowpa@livejournal.com,Male,632-998-1466,Suifenhe,,China,Food - Sides,45,3852
63111677,Barbabas,Hobble,bhobblepb@unesco.org,Male,781-883-8104,Chenfang,,China,Outdoor,42,2366
321181271,Morly,Pavier,mpavierpc@wiley.com,Male,311-840-6551,Mariestad,Västra Götaland,Sweden,Kitchen,71,3863
111924392,Jacinda,Ianno,jiannopd@123-reg.co.uk,Female,344-323-6776,Yidian,,China,Food - Snacks,34,2352
65304084,Clo,Sandry,csandrype@mozilla.com,Genderfluid,225-484-7555,Mao,,Chad,Food - Beverages,53,2312
122240450,Evelyn,Ozelton,eozeltonpf@chron.com,Male,240-559-5526,Śródmieście,,Poland,Pets,54,2611
211170279,Morna,Mc Gorley,mmcgorleypg@home.pl,Female,588-574-0072,Dacheng,,China,Food - Canned Goods,20,2350
62206392,Patrice,Budnk,pbudnkph@yahoo.co.jp,Bigender,341-383-0141,Güiria,,Venezuela,Clothing - Outerwear,23,2241
62103453,Sheridan,Leipnik,sleipnikpi@dedecms.com,Male,830-422-1660,Yug,,Russia,Food - Frozen Food,32,2963
321171964,Kaylyn,Beinisch,kbeinischpj@g.co,Female,778-333-1908,Arcos,,Brazil,Food - Confectionery,30,2933
111317637,Honey,Jacquemet,hjacquemetpk@goo.ne.jp,Female,857-486-4399,Strömstad,Västra Götaland,Sweden,Baby,24,4055
63102259,Darice,Beddo,dbeddopl@dion.ne.jp,Female,458-105-7215,Hita,,Japan,Home,46,1865
111907555,Ty,Coggen,tcoggenpm@usgs.gov,Genderfluid,242-918-5966,La Paz de Oriente,,Nicaragua,Food - Canned Goods,42,3273
72000326,Albertina,Gloves,aglovespn@163.com,Female,815-676-8453,Limatambo,,Peru,Beauty,59,4419
66007681,Barbi,Bush,bbushpo@mapquest.com,Female,732-347-2567,Polazna,,Russia,Sports,47,2170
125107875,Phoebe,Box,pboxpp@facebook.com,Female,460-156-8287,San Martin,,Philippines,Food - Cereal,40,4075
111304051,Jarrad,Elloit,jelloitpq@google.co.uk,Male,576-280-7364,Pamatang,,Indonesia,Computers,57,1613
101215451,Betteann,St Ledger,bstledgerpr@opensource.org,Female,319-873-3689,Chitose,,Japan,Food - Nuts,45,1873
72413298,Lammond,Grieve,lgrieveps@weebly.com,Male,270-113-7899,Tambo,,Peru,Food - Oils & Vinegars,44,2316
83908307,Valery,Rabbe,vrabbept@barnesandnoble.com,Female,731-328-7862,Nguékhokh,,Senegal,Home Improvement,25,2509
41201703,Carmine,De Ruel,cderuelpu@g.co,Female,590-122-7179,Nantang,,China,Food - Bakery,67,4130
123084958,Ada,Tarrier,atarrierpv@squarespace.com,Female,615-420-0751,Vila Nova,Coimbra,Portugal,Food - Condiments,66,3943
125108942,Merridie,Moles,mmolespw@creativecommons.org,Female,999-737-4004,Harjavalta,,Finland,Automotive,61,3310
122105252,Heath,Gemlbett,hgemlbettpx@geocities.com,Female,891-175-9835,Loo,,Estonia,Kitchen,69,1916
81518605,Fredek,Nunns,fnunnspy@icq.com,Male,656-619-2238,Cipolletti,,Argentina,Electronics,42,1659
11101752,Codi,Trussell,ctrussellpz@rakuten.co.jp,Male,232-953-1392,Palmas,,Brazil,Food - Baking,48,3174
122237515,Zsa zsa,MacNucator,zmacnucatorq0@opensource.org,Female,324-263-4682,Liyang,,China,Smart Home,74,3959
231371841,Edward,Sharville,esharvilleq1@issuu.com,Male,337-734-4079,Cullalabo del Sur,,Philippines,Photography,64,3782
104901717,Selma,Band,sbandq2@tripadvisor.com,Genderqueer,395-662-9041,Mancogeh,,Indonesia,Food - Dairy,52,3861
63112786,Blakelee,Consterdine,bconsterdineq3@biglobe.ne.jp,Female,968-455-5016,Karlstad,Värmland,Sweden,Health,40,1862
111925074,Shea,Farries,sfarriesq4@mozilla.org,Female,918-235-4504,Timbuktu,,Mali,Fitness,54,2812
123000848,Grantley,Uden,gudenq5@addtoany.com,Male,947-922-5612,Pueblo Nuevo,,Colombia,Pets,64,1874
31309851,Melanie,Todhunter,mtodhunterq6@ed.gov,Female,430-294-5274,Vila do Maio,,Cape Verde,Clothing,65,1851
53208066,Haleigh,Corre,hcorreq7@nhs.uk,Agender,852-464-8310,Bošovice,,Czech Republic,Clothing - Dresses,67,1779
63112906,Fredric,Von Welden,fvonweldenq8@dell.com,Male,398-762-3836,Sobreira,Porto,Portugal,Food - Dairy,61,1570
91204763,Zechariah,Beddis,zbeddisq9@twitter.com,Male,929-440-5745,Noebesa,,Indonesia,Toys,63,1569
221981063,Ilaire,Gregson,igregsonqa@oracle.com,Male,773-517-9280,Aveiras de Cima,Lisboa,Portugal,Smart Home,75,3529
84302698,Vinson,Geibel,vgeibelqb@w3.org,Male,287-564-0060,Oliveira,Viseu,Portugal,Home,74,2571
231271161,Krystal,Chatan,kchatanqc@mlb.com,Female,569-604-6543,Pamatang,,Indonesia,Kitchen,44,3897
221371071,Dori,Lettsom,dlettsomqd@google.fr,Polygender,210-198-2732,Hamburg,Hamburg,Germany,Food - Snacks,51,1683
111316887,Tadeas,Klyn,tklynqe@cloudflare.com,Male,334-758-5774,Jammāl,,Tunisia,Food - Produce,57,2807
11100805,Herculie,Bendig,hbendigqf@aboutads.info,Male,886-170-1317,Kisovec,,Slovenia,Toys,27,3047
102104888,Raymund,Samme,rsammeqg@eepurl.com,Male,897-246-9944,La Charité-sur-Loire,Bourgogne,France,Food - Frozen Foods,32,4247
101101620,Keane,Watting,kwattingqh@walmart.com,Male,861-404-4977,Chłapowo,,Poland,Food - Baking,35,1938
71004543,Claire,Shellsheere,cshellsheereqi@ocn.ne.jp,Female,206-412-6337,Haifa,,Israel,Food - Frozen Foods,74,3390
63110306,Saunder,Toke,stokeqj@diigo.com,Male,596-787-2441,San Rafael,,Philippines,Food - Snacks,69,1574
91308481,Laure,Kopf,lkopfqk@ca.gov,Female,821-554-9197,Tubajon,,Philippines,Fitness,63,2567
86300041,Brit,Doak,bdoakql@hc360.com,Female,698-104-6661,Xingbin,,China,Travel,71,2767
325182797,Meier,Burridge,mburridgeqm@spotify.com,Agender,642-658-4863,Asopós,,Greece,Food - Frozen Foods,57,1889
211391689,Terrel,Please,tpleaseqn@earthlink.net,Male,933-651-4358,Dadian,,China,Fitness,66,1695
21204403,Fletch,Snawdon,fsnawdonqo@surveymonkey.com,Male,572-994-7496,Yabēlo,,Ethiopia,Food - Snacks,51,4104
64206031,Amby,Fomichkin,afomichkinqp@amazon.com,Male,488-848-9081,Wenshui,,China,Food - Sauces,53,4236
42309222,Evanne,Hooke,ehookeqq@posterous.com,Female,334-106-9976,Jiangchuanlu,,China,Food - Dairy,46,1864
11001962,Alaine,Brolechan,abrolechanqr@odnoklassniki.ru,Female,407-945-7374,Pedra Furada,Braga,Portugal,Toys,56,2923
111925430,Idell,Lumm,ilummqs@army.mil,Female,583-301-3747,Seremban,Negeri Sembilan,Malaysia,Food - Condiments,49,2302
31307866,Barbi,Walbrun,bwalbrunqt@bigcartel.com,Female,202-353-4961,Hongqiao,,China,Food - Canned Goods,34,3280
73920777,Cristal,Fullbrook,cfullbrookqu@eepurl.com,Female,242-189-6566,Knjazevac,,Serbia,Food - Frozen Food,38,2269
57000668,Courtney,MacCumiskey,cmaccumiskeyqv@usnews.com,Female,188-391-1487,Ribeiro,Aveiro,Portugal,Food - Dairy Alternatives,20,4067
114902405,Marcelline,McKnockiter,mmcknockiterqw@springer.com,Female,568-394-4573,Firmat,,Argentina,Clothing - Dresses,72,1696
104904277,Deborah,Morrilly,dmorrillyqx@spotify.com,Agender,970-821-4692,Bo Phloi,,Thailand,Food - Canned Goods,34,3028
283071827,Catharine,Breens,cbreensqy@surveymonkey.com,Non-binary,304-723-4815,Sete Lagoas,,Brazil,Fitness,41,3892
122241912,Bil,Marqyes,bmarqyesqz@google.com.au,Male,245-743-9074,Tando Jām,,Pakistan,Food - Condiments,72,1760
51904676,Arin,Swinney,aswinneyr0@blogtalkradio.com,Male,270-829-6559,Miskolc,Borsod-Abaúj-Zemplén,Hungary,Office,71,1942
112201959,Tabby,Tokley,ttokleyr1@altervista.org,Female,182-780-2526,Napnapan,,Philippines,Food - Condiments,47,2413
43018868,Alic,Pylkynyton,apylkynytonr2@google.pl,Male,124-394-9033,Watergrasshill,,Ireland,Food - Snacks,53,1815
21207112,Kendricks,Kembry,kkembryr3@upenn.edu,Male,594-485-1104,São José do Rio Pardo,,Brazil,Home Appliances,63,2192
101113812,Gisella,Corneck,gcorneckr4@foxnews.com,Agender,615-969-8628,Migues,,Uruguay,Outdoor,46,4049
111312205,Laina,Jorioz,ljoriozr5@macromedia.com,Genderfluid,485-572-6256,Yangzi,,China,Food - Snacks,22,1803
31315007,Lanna,Goodley,lgoodleyr6@spiegel.de,Female,290-489-3897,Biguo,,China,Food - Snacks,73,2669
21100329,Umberto,Gariff,ugariffr7@smugmug.com,Male,446-528-8720,Kakamega,,Kenya,Food - Sauces,29,4166
111322813,Lamar,Snoxall,lsnoxallr8@istockphoto.com,Male,809-620-8564,Cerro Colorado,,Uruguay,Photography,56,3381
322186288,Thea,Calveley,tcalveleyr9@ted.com,Female,253-277-1789,Nizhniy Kurkuzhin,,Russia,Food - Condiments,23,4346
111909281,Graham,Wilfinger,gwilfingerra@indiatimes.com,Male,945-583-3675,Melikkrajan,,Indonesia,Outdoor,49,4467
104907960,Bordy,Matteucci,bmatteuccirb@amazon.com,Male,206-508-3262,Seattle,Washington,United States,Food - Produce,49,2293
63116494,Stirling,Mulholland,smulhollandrc@jalbum.net,Male,295-112-8397,Wangzuizi,,China,Outdoor,68,2130
65405491,Malcolm,Saenz,msaenzrd@amazonaws.com,Genderfluid,312-537-3811,Velyka Lepetykha,,Ukraine,Food - Condiments,75,3641
101102836,Ford,Rubery,fruberyre@storify.com,Male,687-261-7091,Volokolamsk,,Russia,Food - Baking,58,2788
43000261,Barton,Eilhermann,beilhermannrf@360.cn,Male,307-275-6982,Ust’-Omchug,,Russia,Food - Dairy,37,3142
103102290,Rodi,Chick,rchickrg@rambler.ru,Female,966-967-5696,Divnomorskoye,,Russia,Travel,40,2914
31001175,Gloria,Acreman,gacremanrh@businesswire.com,Female,518-617-8911,Curug,,Indonesia,Food - Vegetables,28,3519
113116386,Inger,Cahani,icahaniri@jiathis.com,Bigender,411-531-5597,Tomé Açu,,Brazil,Food - Produce,51,2493
71924089,Kimmi,Snooks,ksnooksrj@shareasale.com,Female,924-635-5593,Mérignac,Aquitaine,France,Health,49,1918
62204721,Marwin,Manger,mmangerrk@prnewswire.com,Agender,727-280-1171,Sonorejo,,Indonesia,Food - Canned Soups,40,4122
81509449,Umberto,Facer,ufacerrl@t.co,Male,181-149-6819,Batulawang,,Indonesia,Food - Beverages,65,2369
62205131,Dori,Merrington,dmerringtonrm@yale.edu,Female,768-693-8526,Kotauneng,,Indonesia,Food - Cheese,21,2583
103110237,Ric,Gilbey,rgilbeyrn@taobao.com,Male,217-949-6339,Spandaryan,,Armenia,Food - Dressing,48,3462
61120217,Dynah,Carrel,dcarrelro@cafepress.com,Female,889-604-6327,Chixi,,China,Food - Bakery,60,2576
65200874,Silvio,Losemann,slosemannrp@google.cn,Male,560-417-5504,Mambulo,,Philippines,Garden,38,3716
104112849,Ode,Brigg,obriggrq@furl.net,Male,786-133-2658,Obudovac,,Bosnia and Herzegovina,Food - Canned Goods,42,3271
301171353,Hebert,Waterfield,hwaterfieldrr@ed.gov,Male,713-525-2428,Kyzyl-Kyya,,Kyrgyzstan,Food - Sauces,70,2451